family,feature,target,n,spearman_rho,p_value,abs_spearman_rho
echem_regime_raw,all_dq_abs_peak_voltage,phase_slope_abs_median_per_s,54,0.7410221179576616,1.483821621621501e-10,0.7410221179576616
echem_regime_raw,neg_dq_abs_midV_frac,phase_slope_abs_median_per_s,54,-0.6995311768407316,3.984287417906167e-09,0.6995311768407316
echem_regime_raw,pos_dq_abs_highV_frac,phase_slope_abs_median_per_s,54,0.693118712296112,6.3071178587626925e-09,0.693118712296112
echem_regime_raw,pos_dq_abs_midV_frac,phase_slope_abs_median_per_s,54,-0.6876223141150095,9.263530210460364e-09,0.6876223141150095
echem_regime_raw,all_dq_abs_midV_frac,velocity_particle_mse_fraction_of_full_mean,54,-0.6869352643423717,9.713808208767072e-09,0.6869352643423717
echem_regime_raw,shape_V_range,velocity_particle_mse_fraction_of_full_mean,54,0.6846450984335789,1.1368341169077232e-08,0.6846450984335789
echem_regime_raw,midV_charge_discharge_imbalance,phase_slope_abs_median_per_s,54,0.6835000154791827,1.2291946741268982e-08,0.6835000154791827
echem_regime_raw,pos_dq_abs_peak_frac,velocity_particle_mse_fraction_of_full_mean,54,-0.6722782025260985,2.5952934817194613e-08,0.6722782025260985
echem_regime_raw,dqdv_peak_concentration,velocity_particle_mse_fraction_of_full_mean,54,-0.6722782025260985,2.5952934817194613e-08,0.6722782025260985
echem_regime_raw,all_dq_abs_midV_frac,phase_slope_abs_median_per_s,54,-0.6709041029808228,2.8377391987036014e-08,0.6709041029808228
echem_regime_raw,neg_dq_abs_midV_frac,velocity_particle_mse_fraction_of_full_mean,54,-0.6505216263925677,1.0122837079342626e-07,0.6505216263925677
echem_regime_raw,shape_V_std,phase_slope_abs_median_per_s,54,0.6324293157131053,2.897644420669219e-07,0.6324293157131053
echem_regime_raw,pos_dq_abs_peak_frac,phase_slope_abs_median_per_s,54,-0.6173142207150735,6.632364861611595e-07,0.6173142207150735
echem_regime_raw,dqdv_peak_concentration,phase_slope_abs_median_per_s,54,-0.6173142207150735,6.632364861611595e-07,0.6173142207150735
echem_regime_raw,charge_discharge_capacity_gap_mAh,transferred_masked_residual_signature,54,0.6160990712074303,7.075573070951698e-07,0.6160990712074303
echem_regime_raw,charge_discharge_capacity_abs_gap_mAh,transferred_masked_residual_signature,54,0.6160990712074303,7.075573070951698e-07,0.6160990712074303
echem_regime_raw,echem_outlier_score,transferred_masked_residual_signature,54,0.6160990712074303,7.075573070951698e-07,0.6160990712074303
echem_regime_raw,shape_V_range,persistence_particle_mse_fraction_of_full_mean,54,0.6129629054883674,8.350693992642226e-07,0.6129629054883674
echem_regime_raw,dqdv_entropy_asymmetry,phase_slope_abs_median_per_s,54,-0.6104437229886953,9.527181201928407e-07,0.6104437229886953
echem_regime_raw,neg_dq_abs_entropy,phase_slope_abs_median_per_s,54,0.6095276566251783,9.992100935089048e-07,0.6095276566251783
echem_regime_raw,all_dq_abs_peak_frac,velocity_particle_mse_fraction_of_full_mean,54,-0.6081535570799027,1.072935251394557e-06,0.6081535570799027
echem_regime_raw,signed_charge_fraction,transferred_masked_residual_signature,54,0.5995872033023736,1.6598620374882677e-06,0.5995872033023736
echem_regime_raw,all_dq_abs_midV_frac,persistence_particle_mse_fraction_of_full_mean,54,-0.5980768270812148,1.790253680097645e-06,0.5980768270812148
echem_regime_raw,coulombic_efficiency_pct,transferred_masked_residual_signature,54,-0.5975232198142415,1.840392993172451e-06,0.5975232198142415
echem_regime_raw,coulombic_inefficiency_pct,transferred_masked_residual_signature,54,0.5975232198142415,1.840392993172451e-06,0.5975232198142415
echem_regime_raw,all_dq_abs_peak_voltage,velocity_particle_mse_fraction_of_full_mean,54,0.5973545644760742,1.855926043027084e-06,0.5973545644760742
echem_regime_raw,pos_dq_abs_midV_frac,velocity_particle_mse_fraction_of_full_mean,54,-0.5969317441268184,1.8954063964542773e-06,0.5969317441268184
echem_regime_raw,pos_dq_abs_peak_frac,persistence_particle_mse_fraction_of_full_mean,54,-0.5928094454909917,2.3235360512895907e-06,0.5928094454909917
echem_regime_raw,dqdv_peak_concentration,persistence_particle_mse_fraction_of_full_mean,54,-0.5928094454909917,2.3235360512895907e-06,0.5928094454909917
echem_regime_raw,shape_V_mean,phase_slope_abs_median_per_s,54,0.5905192795821987,2.5987191307719976e-06,0.5905192795821987
echem_regime_raw,echem_regime_pc2,phase_slope_abs_median_per_s,72,0.5806141913254932,8.977937117078165e-08,0.5806141913254932
echem_regime_raw,echem_regime_pc3,phase_slope_abs_median_per_s,72,0.5750146530652872,1.2727346812282346e-07,0.5750146530652872
echem_regime_raw,pos_dq_abs_highV_frac,velocity_particle_mse_fraction_of_full_mean,54,0.5735720518571329,5.796602348433964e-06,0.5735720518571329
echem_regime_raw,shape_dVdt_sign_consistency,velocity_particle_mse_fraction_of_full_mean,54,-0.5705948361757023,6.643435236193847e-06,0.5705948361757023
echem_regime_raw,shape_V_range,phase_slope_abs_median_per_s,54,0.5678466370851512,7.5256924686079105e-06,0.5678466370851512
echem_regime_raw,shape_I_pos_fraction,velocity_particle_mse_fraction_of_full_mean,54,0.5653274545854792,8.428733425190739e-06,0.5653274545854792
echem_regime_raw,shape_I_neg_fraction,velocity_particle_mse_fraction_of_full_mean,54,-0.5653274545854792,8.428733425190739e-06,0.5653274545854792
echem_regime_raw,all_dq_abs_peak_frac,persistence_particle_mse_fraction_of_full_mean,54,-0.5575408904955839,1.1894899180355477e-05,0.5575408904955839
echem_regime_raw,all_dq_abs_highV_frac,phase_slope_abs_median_per_s,54,0.553418591859757,1.4224841811788537e-05,0.553418591859757
echem_regime_raw,dqdv_integral_asymmetry,phase_slope_abs_median_per_s,54,-0.553418591859757,1.4224841811788537e-05,0.553418591859757
echem_regime_raw,pos_dq_abs_entropy,velocity_particle_mse_fraction_of_full_mean,54,0.5513574425418437,1.5541957950907674e-05,0.5513574425418437
echem_regime_raw,voltage_peak_hysteresis_proxy,phase_slope_abs_median_per_s,54,0.5495146318043507,1.6814159232395605e-05,0.5495146318043507
echem_regime_raw,neg_dq_abs_midV_frac,persistence_particle_mse_fraction_of_full_mean,54,-0.5488382600421716,1.7304771224914757e-05,0.5488382600421716
echem_regime_raw,shape_charge_mAh_pos,phase_slope_abs_median_per_s,54,0.5417387457249142,2.3316128158882658e-05,0.5417387457249142
echem_regime_raw,all_dq_abs_lowV_frac,phase_slope_abs_median_per_s,54,0.5394485798161215,2.5633385389091828e-05,0.5394485798161215
echem_regime_raw,charge_discharge_capacity_gap_mAh,phase_slope_abs_median_per_s,54,0.5383034968617252,2.6870059348220046e-05,0.5383034968617252
echem_regime_raw,charge_discharge_capacity_abs_gap_mAh,phase_slope_abs_median_per_s,54,0.5383034968617252,2.6870059348220046e-05,0.5383034968617252
echem_regime_raw,neg_dq_abs_peak_voltage,phase_slope_abs_median_per_s,54,-0.5376658098083991,2.758238929431841e-05,0.5376658098083991
echem_regime_raw,all_dq_abs_entropy,phase_slope_abs_median_per_s,54,0.528913816635675,3.929079020676137e-05,0.528913816635675
echem_regime_raw,all_dq_abs_entropy,velocity_particle_mse_fraction_of_full_mean,54,0.5286848000447958,3.9651063388877294e-05,0.5286848000447958
echem_regime_raw,midV_charge_discharge_imbalance,velocity_particle_mse_fraction_of_full_mean,54,0.527081683908641,4.225940839132654e-05,0.527081683908641
echem_regime_raw,pos_dq_abs_midV_frac,persistence_particle_mse_fraction_of_full_mean,54,-0.5231884018636933,4.926520304315331e-05,0.5231884018636933
echem_regime_raw,neg_dq_abs_peak_frac,velocity_particle_mse_fraction_of_full_mean,54,-0.5172339705008323,6.20673896327364e-05,0.5172339705008323
echem_regime_raw,shape_V_std,velocity_particle_mse_fraction_of_full_mean,54,0.517004953909953,6.261593046370046e-05,0.517004953909953
echem_regime_raw,shape_I_pos_fraction,persistence_particle_mse_fraction_of_full_mean,54,0.515172821182919,6.716722907582981e-05,0.515172821182919
echem_regime_raw,shape_I_neg_fraction,persistence_particle_mse_fraction_of_full_mean,54,-0.515172821182919,6.716722907582981e-05,0.515172821182919
echem_regime_raw,pos_dq_abs_peak_voltage,transferred_masked_residual_signature,54,0.5151400834889318,6.725124846380622e-05,0.5151400834889318
echem_regime_raw,shape_V_mean,velocity_particle_mse_fraction_of_full_mean,54,0.5137987216376433,7.077790833071776e-05,0.5137987216376433
echem_regime_raw,neg_dq_abs_highV_frac,phase_slope_abs_median_per_s,54,0.5121956055014883,7.521511798616792e-05,0.5121956055014883
echem_regime_raw,shape_dVdt_sign_consistency,persistence_particle_mse_fraction_of_full_mean,54,-0.5108215059562127,7.922008025373648e-05,0.5108215059562127
echem_regime_raw,highV_charge_discharge_imbalance,phase_slope_abs_median_per_s,54,-0.5101344561835749,8.129507524946859e-05,0.5101344561835749
echem_regime_raw,signed_charge_fraction,phase_slope_abs_median_per_s,54,0.5083023234565408,8.707450350963161e-05,0.5083023234565408
echem_regime_raw,shape_I_pos_fraction,phase_slope_abs_median_per_s,54,0.5064701907295066,9.322842125541772e-05,0.5064701907295066
echem_regime_raw,shape_I_neg_fraction,phase_slope_abs_median_per_s,54,-0.5064701907295066,9.322842125541772e-05,0.5064701907295066
echem_regime_raw,neg_dq_abs_peak_frac,phase_slope_abs_median_per_s,54,-0.5055541243659896,9.645257055821617e-05,0.5055541243659896
echem_regime_raw,echem_outlier_score,phase_slope_abs_median_per_s,54,0.5055541243659896,9.645257055821617e-05,0.5055541243659896
echem_regime_raw,pos_dq_abs_highV_frac,persistence_particle_mse_fraction_of_full_mean,54,0.5053251077751102,9.727441282244782e-05,0.5053251077751102
echem_regime_raw,all_dq_abs_lowV_frac,velocity_particle_mse_fraction_of_full_mean,54,0.5018898589119212,0.00011039712800979965,0.5018898589119212
echem_regime_raw,coulombic_efficiency_pct,phase_slope_abs_median_per_s,54,-0.500057726184887,0.0001180404751486703,0.500057726184887
echem_regime_raw,coulombic_inefficiency_pct,phase_slope_abs_median_per_s,54,0.500057726184887,0.0001180404751486703,0.500057726184887
echem_regime_raw,all_dq_abs_peak_voltage,persistence_particle_mse_fraction_of_full_mean,54,0.4965352286995215,0.00013411170607705044,0.4965352286995215
echem_regime_raw,pos_dq_abs_entropy,phase_slope_positive_fraction,54,-0.48689638177180433,0.0001888486587363879,0.48689638177180433
echem_regime_raw,echem_regime_pc1,phase_slope_abs_median_per_s,72,-0.48687019734859704,1.4463744438819537e-05,0.48687019734859704
echem_regime_raw,all_dq_abs_peak_frac,phase_slope_abs_median_per_s,54,-0.48333951505070033,0.0002137283584773995,0.48333951505070033
echem_regime_raw,shape_dVdt_sign_consistency,phase_slope_abs_median_per_s,54,-0.472117702097616,0.00031307080159716856,0.472117702097616
echem_regime_raw,all_dq_abs_peak_frac,phase_slope_positive_fraction,54,0.46648115940647517,0.00037738784372600483,0.46648115940647517
echem_regime_raw,highV_charge_discharge_imbalance,velocity_particle_mse_fraction_of_full_mean,54,-0.46593425414387574,0.00038422641225554534,0.46593425414387574
echem_regime_raw,shape_V_mean,persistence_particle_mse_fraction_of_full_mean,54,0.46524720437123795,0.00039297657486497687,0.46524720437123795
echem_regime_raw,neg_dq_abs_peak_voltage,velocity_particle_mse_fraction_of_full_mean,54,-0.4622740315874227,0.0004329634050096861,0.4622740315874227
echem_regime_raw,pos_dq_abs_entropy,persistence_particle_mse_fraction_of_full_mean,54,0.4622699886898074,0.00043302020089888764,0.4622699886898074
echem_regime_raw,voltage_peak_hysteresis_proxy,velocity_particle_mse_fraction_of_full_mean,54,0.4524549555356071,0.0005925966108944623,0.4524549555356071
echem_regime_raw,neg_dq_abs_highV_frac,velocity_particle_mse_fraction_of_full_mean,54,0.44875800982793046,0.0006653243036483932,0.44875800982793046
echem_regime_raw,all_dq_abs_entropy,persistence_particle_mse_fraction_of_full_mean,54,0.4375361968748462,0.0009380420608586846,0.4375361968748462
echem_regime_raw,pos_dq_abs_highV_frac,object_mean_residual,54,-0.4359330807386913,0.000984289607579821,0.4359330807386913
echem_regime_raw,highV_charge_discharge_imbalance,persistence_particle_mse_fraction_of_full_mean,54,-0.434787997784295,0.0010185672973598984,0.434787997784295
echem_regime_raw,dqdv_integral_asymmetry,velocity_particle_mse_fraction_of_full_mean,54,-0.43020766596670956,0.0011666562959231615,0.43020766596670956
echem_regime_raw,shape_V_std,persistence_particle_mse_fraction_of_full_mean,54,0.429749632784951,0.0011824786118455428,0.429749632784951
echem_regime_raw,pos_dq_abs_peak_voltage,phase_slope_abs_median_per_s,54,0.42869393005415657,0.001219682057498854,0.42869393005415657
echem_regime_raw,pos_dq_abs_entropy,phase_slope_abs_median_per_s,54,0.4283755332396754,0.001231106626695869,0.4283755332396754
echem_regime_raw,all_dq_abs_midV_frac,object_mean_residual,54,0.42631438392176196,0.0013074128462634445,0.42631438392176196
echem_regime_raw,neg_dq_abs_peak_frac,persistence_particle_mse_fraction_of_full_mean,54,-0.42608536733088265,0.0013161475307114352,0.42608536733088265
echem_regime_raw,neg_dq_abs_highV_frac,persistence_particle_mse_fraction_of_full_mean,54,0.42585635074000344,0.0013249344406996114,0.42585635074000344
echem_regime_raw,all_dq_abs_highV_frac,velocity_particle_mse_fraction_of_full_mean,54,0.4256273341491241,0.0013337738476149625,0.4256273341491241
echem_regime_raw,neg_dq_abs_entropy,velocity_particle_mse_fraction_of_full_mean,54,0.42310815164945215,0.0014345509066951221,0.42310815164945215
echem_regime_raw,shape_charge_mAh_abs,phase_slope_abs_median_per_s,54,0.42219208528593505,0.0014728527085461198,0.42219208528593505
echem_regime_raw,echem_regime_pc3,velocity_particle_mse_fraction_of_full_mean,72,0.42122043843583756,0.00022903303669708313,0.42122043843583756
echem_regime_raw,midV_charge_discharge_imbalance,persistence_particle_mse_fraction_of_full_mean,54,0.4208179857406594,0.0015320212966675735,0.4208179857406594
echem_regime_raw,pos_dq_abs_lowV_frac,phase_slope_positive_fraction,54,-0.41791161077262023,0.0016642196550319573,0.41791161077262023
echem_regime_raw,pos_dq_abs_midV_frac,object_mean_residual,54,0.41761175346834967,0.0016784223216328841,0.41761175346834967
echem_regime_raw,neg_dq_abs_midV_frac,object_mean_residual,54,0.41234437187812645,0.0019461958102803079,0.41234437187812645
echem_regime_raw,capacity_mAh,phase_slope_abs_median_per_s,54,0.4107412557419715,0.0020349250265479565,0.4107412557419715
echem_regime_raw,capacity_fade_from_first_mAh,phase_slope_abs_median_per_s,54,-0.4107412557419715,0.0020349250265479565,0.4107412557419715
echem_regime_raw,capacity_fraction_of_first,phase_slope_abs_median_per_s,54,0.4107412557419715,0.0020349250265479565,0.4107412557419715
echem_regime_raw,shape_charge_mAh_neg_abs,phase_slope_abs_median_per_s,54,0.4107412557419715,0.0020349250265479565,0.4107412557419715
echem_regime_raw,dqdv_entropy_asymmetry,diffusion_proxy_abs_median_um2_per_s,54,-0.4107412557419715,0.0020349250265479565,0.4107412557419715
echem_regime_raw,neg_dq_abs_peak_frac,radius2_slope_median_px2_per_s,54,0.40845108983317885,0.0021679297987473025,0.40845108983317885
echem_regime_raw,all_dq_abs_lowV_frac,persistence_particle_mse_fraction_of_full_mean,54,0.40158059210680075,0.0026145492728253767,0.40158059210680075
echem_regime_raw,all_dq_abs_midV_frac,low_rank_dmd_particle_mse_fraction_of_full_mean,54,-0.39974845937976655,0.0027466615777765246,0.39974845937976655
echem_regime_raw,pos_dq_abs_peak_voltage,phase_slope_positive_fraction,54,0.3996345754413891,0.002755065591803809,0.3996345754413891
echem_regime_raw,neg_dq_abs_peak_voltage,persistence_particle_mse_fraction_of_full_mean,54,-0.3989964878156289,0.002802576049668276,0.3989964878156289
echem_regime_raw,all_dq_abs_highV_frac,persistence_particle_mse_fraction_of_full_mean,54,0.3949391109713019,0.00312203332223295,0.3949391109713019
echem_regime_raw,all_dq_abs_peak_frac,transferred_masked_residual_signature,54,0.391124871001032,0.0034513055903936537,0.391124871001032
echem_regime_raw,shape_V_range,object_mean_residual,54,-0.3910458289263543,0.003458441794902742,0.3910458289263543
echem_regime_raw,capacity_mAh,phase_slope_positive_fraction,54,-0.38802265776717104,0.0037413559214735195,0.38802265776717104
echem_regime_raw,capacity_fade_from_first_mAh,phase_slope_positive_fraction,54,0.38802265776717104,0.0037413559214735195,0.38802265776717104
echem_regime_raw,capacity_fraction_of_first,phase_slope_positive_fraction,54,-0.38802265776717104,0.0037413559214735195,0.38802265776717104
echem_regime_raw,shape_charge_mAh_neg_abs,phase_slope_positive_fraction,54,-0.38802265776717104,0.0037413559214735195,0.38802265776717104
echem_regime_raw,all_dq_abs_lowV_frac,radius2_slope_median_px2_per_s,54,-0.3834882814273384,0.00420398238312946,0.3834882814273384
echem_regime_raw,shape_V_std,object_mean_residual,54,-0.3807400823367871,0.004508255461327222,0.3807400823367871
echem_regime_raw,shape_charge_mAh_pos,velocity_particle_mse_fraction_of_full_mean,54,0.37226646847425415,0.005571742908853762,0.37226646847425415
echem_regime_raw,lowV_charge_discharge_imbalance,radius2_slope_median_px2_per_s,54,0.36906023620194434,0.006028059357158979,0.36906023620194434
echem_regime_raw,pos_dq_abs_midV_frac,low_rank_dmd_particle_mse_fraction_of_full_mean,54,-0.36860220302018576,0.00609584497577305,0.36860220302018576
echem_regime_raw,voltage_peak_hysteresis_proxy,persistence_particle_mse_fraction_of_full_mean,54,0.368385589474549,0.006128133654326095,0.368385589474549
echem_regime_raw,neg_dq_abs_lowV_frac,radius2_slope_median_px2_per_s,54,-0.36539597074787594,0.006589282834538596,0.36539597074787594
echem_regime_raw,pos_dq_abs_peak_voltage,threshold_robust_phase_score,54,0.36454272070402677,0.006726331490096139,0.36454272070402677
echem_regime_raw,neg_dq_abs_entropy,object_mean_residual,54,-0.3644799043843589,0.006736518589274892,0.3644799043843589
echem_regime_raw,all_dq_abs_peak_voltage,threshold_robust_phase_score,54,0.3643626551357653,0.0067555692426451855,0.3643626551357653
echem_regime_raw,midV_charge_discharge_imbalance,object_mean_residual,54,-0.3596705559758942,0.007557540006981607,0.3596705559758942
echem_regime_raw,shape_charge_mAh_pos,diffusion_proxy_abs_median_um2_per_s,54,0.3589835062032564,0.007681663490763758,0.3589835062032564
echem_regime_raw,echem_regime_pc3,persistence_particle_mse_fraction_of_full_mean,72,0.35856353617939507,0.0019827538108898595,0.35856353617939507
echem_regime_raw,echem_regime_pc1,radius2_slope_median_px2_per_s,72,0.3573084672590041,0.002061673274198119,0.3573084672590041
echem_regime_raw,pos_dq_abs_lowV_frac,transferred_masked_residual_signature,54,-0.3519091847265221,0.009066446380565247,0.3519091847265221
echem_regime_raw,pos_dq_abs_highV_frac,low_rank_dmd_particle_mse_fraction_of_full_mean,54,0.3498228425680856,0.00951408834902067,0.3498228425680856
echem_regime_raw,all_dq_abs_highV_frac,object_mean_residual,54,-0.3468456268866551,0.010185946006428023,0.3468456268866551
echem_regime_raw,all_dq_abs_midV_frac,threshold_robust_phase_score,54,-0.34641836466292636,0.010285651536897587,0.34641836466292636
echem_regime_raw,capacity_mAh,velocity_particle_mse_fraction_of_full_mean,54,0.34318136143258676,0.011068804969414881,0.34318136143258676
echem_regime_raw,capacity_fade_from_first_mAh,velocity_particle_mse_fraction_of_full_mean,54,-0.34318136143258676,0.011068804969414881,0.34318136143258676
echem_regime_raw,capacity_fraction_of_first,velocity_particle_mse_fraction_of_full_mean,54,0.34318136143258676,0.011068804969414881,0.34318136143258676
echem_regime_raw,shape_charge_mAh_neg_abs,velocity_particle_mse_fraction_of_full_mean,54,0.34318136143258676,0.011068804969414881,0.34318136143258676
echem_regime_raw,neg_dq_abs_midV_frac,threshold_robust_phase_score,54,-0.3420652238371356,0.011350507499882204,0.3420652238371356
echem_regime_raw,shape_V_range,phase_slope_positive_fraction,54,-0.3417214671739081,0.011438503456497075,0.3417214671739081
echem_regime_raw,neg_dq_abs_entropy,diffusion_proxy_abs_median_um2_per_s,54,0.3392880793876391,0.012078382450496543,0.3392880793876391
echem_regime_raw,pos_dq_abs_peak_frac,phase_slope_positive_fraction,54,0.33785191522230984,0.012470298832197281,0.33785191522230984
echem_regime_raw,dqdv_peak_concentration,phase_slope_positive_fraction,54,0.33785191522230984,0.012470298832197281,0.33785191522230984
echem_regime_raw,shape_V_mean,object_mean_residual,54,-0.33745594666060497,0.01258025859023301,0.33745594666060497
echem_regime_raw,dqdv_entropy_asymmetry,object_mean_residual,54,0.33539479734269156,0.013166191228533965,0.33539479734269156
echem_regime_raw,capacity_mAh,persistence_particle_mse_fraction_of_full_mean,54,0.3333336480247781,0.013775393239589028,0.3333336480247781
echem_regime_raw,capacity_fade_from_first_mAh,persistence_particle_mse_fraction_of_full_mean,54,-0.3333336480247781,0.013775393239589028,0.3333336480247781
echem_regime_raw,capacity_fraction_of_first,persistence_particle_mse_fraction_of_full_mean,54,0.3333336480247781,0.013775393239589028,0.3333336480247781
echem_regime_raw,shape_charge_mAh_neg_abs,persistence_particle_mse_fraction_of_full_mean,54,0.3333336480247781,0.013775393239589028,0.3333336480247781
echem_regime_raw,all_dq_abs_highV_frac,low_rank_dmd_particle_mse_fraction_of_full_mean,54,0.3296693825707098,0.014918167284654988,0.3296693825707098
echem_regime_raw,shape_V_mean,transferred_masked_residual_signature,54,0.32920536635706915,0.01506850530209357,0.32920536635706915
echem_regime_raw,shape_charge_mAh_abs,phase_slope_positive_fraction,54,-0.327844453278521,0.015516923807689625,0.327844453278521
echem_regime_raw,echem_outlier_score,object_mean_residual,54,-0.3266921668892793,0.015905464068605647,0.3266921668892793
echem_regime_raw,neg_dq_abs_highV_frac,object_mean_residual,54,-0.3260051171166415,0.016141059319404297,0.3260051171166415
echem_regime_raw,dqdv_integral_asymmetry,persistence_particle_mse_fraction_of_full_mean,54,-0.32417298438960734,0.01678391752025675,0.32417298438960734
echem_regime_raw,shape_V_mean,diffusion_proxy_abs_median_um2_per_s,54,0.3239439677987281,0.016865788202051903,0.3239439677987281
echem_regime_raw,voltage_peak_hysteresis_proxy,radius2_slope_median_px2_per_s,54,-0.3238999045180417,0.016881579263441037,0.3238999045180417
echem_regime_raw,echem_outlier_score,diffusion_proxy_abs_median_um2_per_s,54,0.32302790143521104,0.017196682108237223,0.32302790143521104
echem_regime_raw,all_dq_abs_peak_voltage,object_mean_residual,54,-0.32262187448496826,0.01734510236205437,0.32262187448496826
echem_regime_raw,neg_dq_abs_entropy,persistence_particle_mse_fraction_of_full_mean,54,0.3225698682534524,0.01736419141370915,0.3225698682534524
echem_regime_raw,dqdv_entropy_asymmetry,velocity_particle_mse_fraction_of_full_mean,54,-0.3221118350716939,0.017533087595587717,0.3221118350716939
echem_regime_raw,neg_dq_abs_midV_frac,low_rank_dmd_particle_mse_fraction_of_full_mean,54,-0.32073773552641827,0.018048187849599596,0.32073773552641827
echem_regime_raw,pos_dq_abs_highV_frac,threshold_robust_phase_score,54,0.3204140760457027,0.018171370784608086,0.3204140760457027
echem_regime_raw,echem_outlier_score,velocity_particle_mse_fraction_of_full_mean,54,0.32027970234465974,0.018222722169224367,0.32027970234465974
echem_regime_raw,pos_dq_abs_peak_voltage,velocity_particle_mse_fraction_of_full_mean,54,0.32009146777377023,0.018294864031265068,0.32009146777377023
echem_regime_raw,shape_V_std,low_rank_dmd_particle_mse_fraction_of_full_mean,54,0.31776051984498777,0.019208512378689216,0.31776051984498777
echem_regime_raw,neg_dq_abs_peak_frac,object_mean_residual,54,0.31753150325410845,0.019300331522590815,0.31753150325410845
echem_regime_raw,shape_charge_mAh_pos,persistence_particle_mse_fraction_of_full_mean,54,0.31615740370883283,0.01985910053738815,0.31615740370883283
echem_regime_raw,charge_discharge_capacity_gap_mAh,object_mean_residual,54,-0.315470353936195,0.02014358741188208,0.315470353936195
echem_regime_raw,charge_discharge_capacity_abs_gap_mAh,object_mean_residual,54,-0.315470353936195,0.02014358741188208,0.315470353936195
echem_regime_raw,shape_charge_mAh_abs,diffusion_proxy_abs_median_um2_per_s,54,0.31203510507300597,0.02161833899980787,0.31203510507300597
echem_regime_raw,shape_I_abs_mean_mA,persistence_particle_mse_fraction_of_full_mean,54,-0.3100194575128992,0.02252538480455548,0.3100194575128992
echem_regime_raw,pos_dq_abs_peak_frac,threshold_robust_phase_score,54,-0.30884388595610096,0.023069068186989027,0.30884388595610096
echem_regime_raw,dqdv_peak_concentration,threshold_robust_phase_score,54,-0.30884388595610096,0.023069068186989027,0.30884388595610096
echem_regime_raw,highV_charge_discharge_imbalance,object_mean_residual,54,0.30859985620981695,0.023183303753839635,0.30859985620981695
echem_regime_raw,pos_dq_abs_entropy,transferred_masked_residual_signature,54,-0.3085655314757482,0.023199410082128096,0.3085655314757482
echem_regime_raw,voltage_peak_hysteresis_proxy,diffusion_proxy_abs_median_um2_per_s,54,0.308336042288079,0.023307336671906105,0.308336042288079
echem_regime_raw,pos_dq_abs_midV_frac,threshold_robust_phase_score,54,-0.30769832258089286,0.02360947399618568,0.30769832258089286
echem_regime_raw,all_dq_abs_peak_voltage,diffusion_proxy_abs_median_um2_per_s,54,0.3074989741184854,0.023704594952308786,0.3074989741184854
echem_regime_raw,voltage_peak_hysteresis_proxy,object_mean_residual,54,-0.30698799122879084,0.023949890095167285,0.30698799122879084
echem_regime_raw,neg_dq_abs_peak_frac,diffusion_proxy_abs_median_um2_per_s,54,-0.3067677234827828,0.024056285857323917,0.3067677234827828
echem_regime_raw,echem_outlier_score,radius2_slope_median_px2_per_s,54,-0.30653870689190343,0.024167329128558634,0.30653870689190343
echem_regime_raw,shape_I_pos_fraction,diffusion_proxy_abs_median_um2_per_s,54,0.3040195243922315,0.025417536464043936,0.3040195243922315
echem_regime_raw,shape_I_neg_fraction,diffusion_proxy_abs_median_um2_per_s,54,-0.3040195243922315,0.025417536464043936,0.3040195243922315
echem_regime_raw,charge_discharge_capacity_gap_mAh,diffusion_proxy_abs_median_um2_per_s,54,0.303561491210473,0.0256505845480667,0.303561491210473
echem_regime_raw,charge_discharge_capacity_abs_gap_mAh,diffusion_proxy_abs_median_um2_per_s,54,0.303561491210473,0.0256505845480667,0.303561491210473
echem_regime_raw,all_dq_abs_entropy,object_mean_residual,54,-0.30264542484695595,0.026122065594340722,0.30264542484695595
echem_regime_raw,neg_dq_abs_entropy,radius2_slope_median_px2_per_s,54,-0.30241640825607663,0.026241065358614646,0.30241640825607663
echem_regime_raw,pos_dq_abs_highV_frac,diffusion_proxy_abs_median_um2_per_s,54,0.30218739166519737,0.026360519556132778,0.30218739166519737
echem_regime_raw,dqdv_integral_asymmetry,threshold_robust_phase_score,54,-0.2983047029041866,0.028456153142672552,0.2983047029041866
echem_regime_raw,shape_V_range,low_rank_dmd_particle_to_nonparticle_mse_ratio_mean,54,0.2982941096202497,0.028462055861323016,0.2982941096202497
echem_regime_raw,shape_I_pos_fraction,object_mean_residual,54,-0.2982941096202497,0.028462055861323016,0.2982941096202497
echem_regime_raw,shape_I_neg_fraction,object_mean_residual,54,0.2982941096202497,0.028462055861323016,0.2982941096202497
echem_regime_raw,shape_dVdt_abs_p95,low_rank_dmd_particle_mse_fraction_of_full_mean,54,-0.29531689393881927,0.030162075361437408,0.29531689393881927
echem_regime_raw,dqdv_entropy_asymmetry,radius2_slope_median_px2_per_s,54,0.29508787734793995,0.030296281557166484,0.29508787734793995
echem_regime_raw,echem_outlier_score,low_rank_dmd_particle_mse_fraction_of_full_mean,54,0.2944008275753021,0.030701891623179156,0.2944008275753021
echem_regime_raw,all_dq_abs_highV_frac,transferred_masked_residual_signature,54,0.29411764705882354,0.03087038368809391,0.29411764705882354
echem_regime_raw,signed_charge_fraction,object_mean_residual,54,-0.29211066166650945,0.0320867542413257,0.29211066166650945
echem_regime_raw,shape_charge_mAh_abs,velocity_particle_mse_fraction_of_full_mean,54,0.29188164507563014,0.032228054182397,0.29188164507563014
echem_regime_raw,neg_dq_abs_peak_voltage,object_mean_residual,54,0.29151487578777535,0.032455423526211606,0.29151487578777535
echem_regime_raw,signed_charge_fraction,diffusion_proxy_abs_median_um2_per_s,54,0.2911945953029923,0.03265506278750953,0.2911945953029923
echem_regime_raw,all_dq_abs_peak_frac,low_rank_dmd_particle_to_nonparticle_mse_ratio_mean,54,-0.2911945953029923,0.03265506278750953,0.2911945953029923
echem_regime_raw,neg_dq_abs_peak_voltage,diffusion_proxy_abs_median_um2_per_s,54,-0.29099937644951224,0.032777247831301405,0.29099937644951224
echem_regime_raw,shape_dVdt_sign_consistency,object_mean_residual,54,0.2905075455303546,0.03308676421407999,0.2905075455303546
echem_regime_raw,shape_V_range,low_rank_dmd_particle_mse_fraction_of_full_mean,54,0.28959147916683753,0.03366973217828966,0.28959147916683753
echem_regime_raw,shape_charge_mAh_pos,object_mean_residual,54,-0.28936246257595816,0.03381679901580909,0.28936246257595816
echem_regime_raw,all_dq_abs_lowV_frac,object_mean_residual,54,-0.2884463962124411,0.03441040856346689,0.2884463962124411
echem_regime_raw,coulombic_efficiency_pct,object_mean_residual,54,0.287530329848924,0.03501263439968344,0.287530329848924
echem_regime_raw,coulombic_inefficiency_pct,object_mean_residual,54,-0.287530329848924,0.03501263439968344,0.287530329848924
echem_regime_raw,echem_regime_pc2,radius2_slope_median_px2_per_s,72,-0.28441792611321964,0.015462372503791224,0.28441792611321964
echem_regime_raw,pos_dq_abs_peak_voltage,object_mean_residual,54,-0.2829379938357433,0.03816478015292809,0.2829379938357433
echem_regime_raw,shape_I_pos_fraction,transferred_masked_residual_signature,54,0.28173374613003094,0.039029051282441156,0.28173374613003094
echem_regime_raw,shape_I_neg_fraction,transferred_masked_residual_signature,54,-0.28173374613003094,0.039029051282441156,0.28173374613003094
echem_regime_raw,pos_dq_abs_peak_frac,object_mean_residual,54,0.28157589848606307,0.039143523080075654,0.28157589848606307
echem_regime_raw,dqdv_peak_concentration,object_mean_residual,54,0.28157589848606307,0.039143523080075654,0.28157589848606307
echem_regime_raw,coulombic_efficiency_pct,diffusion_proxy_abs_median_um2_per_s,54,-0.28134688189518375,0.039310098873343045,0.28134688189518375
echem_regime_raw,coulombic_inefficiency_pct,diffusion_proxy_abs_median_um2_per_s,54,0.28134688189518375,0.039310098873343045,0.28134688189518375
echem_regime_raw,all_dq_abs_entropy,radius2_slope_median_px2_per_s,54,-0.27905671598639104,0.04100821159424196,0.27905671598639104
echem_regime_raw,pos_dq_abs_midV_frac,diffusion_proxy_abs_median_um2_per_s,54,-0.2779116330319947,0.04187962694397772,0.2779116330319947
echem_regime_raw,neg_dq_abs_peak_voltage,phase_slope_positive_fraction,54,0.27669502549745517,0.0428220832283072,0.27669502549745517
echem_regime_raw,charge_discharge_capacity_gap_mAh,velocity_particle_mse_fraction_of_full_mean,54,0.2742473675779264,0.04477093880991945,0.2742473675779264
echem_regime_raw,charge_discharge_capacity_abs_gap_mAh,velocity_particle_mse_fraction_of_full_mean,54,0.2742473675779264,0.04477093880991945,0.2742473675779264
echem_regime_raw,shape_V_mean,low_rank_dmd_particle_mse_fraction_of_full_mean,54,0.2728732680326507,0.04589646184202509,0.2728732680326507
echem_regime_raw,capacity_mAh,low_rank_dmd_particle_to_nonparticle_mse_ratio_mean,54,0.2726442514417715,0.04608627916248232,0.2726442514417715
echem_regime_raw,capacity_fade_from_first_mAh,low_rank_dmd_particle_to_nonparticle_mse_ratio_mean,54,-0.2726442514417715,0.04608627916248232,0.2726442514417715
echem_regime_raw,capacity_fraction_of_first,low_rank_dmd_particle_to_nonparticle_mse_ratio_mean,54,0.2726442514417715,0.04608627916248232,0.2726442514417715
echem_regime_raw,shape_charge_mAh_neg_abs,low_rank_dmd_particle_to_nonparticle_mse_ratio_mean,54,0.2726442514417715,0.04608627916248232,0.2726442514417715
echem_regime_raw,shape_I_pos_fraction,low_rank_dmd_particle_mse_fraction_of_full_mean,54,0.2724152348508922,0.04627673776296609,0.2724152348508922
echem_regime_raw,shape_I_neg_fraction,low_rank_dmd_particle_mse_fraction_of_full_mean,54,-0.2724152348508922,0.04627673776296609,0.2724152348508922
echem_regime_raw,echem_regime_pc4,phase_slope_positive_fraction,72,-0.26863478055739903,0.022509236684969323,0.26863478055739903
echem_regime_raw,shape_charge_mAh_abs,persistence_particle_mse_fraction_of_full_mean,54,0.2678349030333068,0.050222956074019484,0.2678349030333068
echem_regime_raw,capacity_mAh,roi_norm_mean_delta_last_minus_first,54,0.267147853260669,0.0508378316124261,0.267147853260669
echem_regime_raw,capacity_fade_from_first_mAh,roi_norm_mean_delta_last_minus_first,54,-0.267147853260669,0.0508378316124261,0.267147853260669
echem_regime_raw,capacity_fraction_of_first,roi_norm_mean_delta_last_minus_first,54,0.267147853260669,0.0508378316124261,0.267147853260669
echem_regime_raw,shape_charge_mAh_neg_abs,roi_norm_mean_delta_last_minus_first,54,0.267147853260669,0.0508378316124261,0.267147853260669
echem_regime_raw,echem_regime_pc3,object_mean_residual,72,-0.26559189230735486,0.02414323488295691,0.26559189230735486
echem_regime_raw,neg_dq_abs_highV_frac,low_rank_dmd_particle_mse_fraction_of_full_mean,54,0.2634835878066007,0.05422133438544986,0.2634835878066007
echem_regime_raw,midV_charge_discharge_imbalance,diffusion_proxy_abs_median_um2_per_s,54,0.2630255546248421,0.05465680573052255,0.2630255546248421
echem_regime_raw,midV_charge_discharge_imbalance,threshold_robust_phase_score,54,0.2624485692601734,0.055209395428275465,0.2624485692601734
echem_regime_raw,neg_dq_abs_peak_voltage,radius2_slope_median_px2_per_s,54,0.2617447890030821,0.05588952934290093,0.2617447890030821
echem_regime_raw,midV_charge_discharge_imbalance,transferred_masked_residual_signature,54,0.26109391124870995,0.05652455273928409,0.26109391124870995
echem_regime_raw,charge_discharge_capacity_gap_mAh,low_rank_dmd_particle_mse_fraction_of_full_mean,54,0.2605063721251702,0.057102774771296806,0.2605063721251702
echem_regime_raw,charge_discharge_capacity_abs_gap_mAh,low_rank_dmd_particle_mse_fraction_of_full_mean,54,0.2605063721251702,0.057102774771296806,0.2605063721251702
echem_regime_raw,shape_dVdt_abs_p95,object_mean_residual,54,0.2605063721251702,0.057102774771296806,0.2605063721251702
echem_regime_raw,shape_I_abs_mean_mA,phase_slope_abs_median_per_s,54,0.25960978962462294,0.057994335620316216,0.25960978962462294
echem_regime_raw,shape_V_range,diffusion_proxy_abs_median_um2_per_s,54,0.2595903057616531,0.0580138343014838,0.2595903057616531
echem_regime_raw,capacity_mAh,diffusion_proxy_abs_median_um2_per_s,54,0.25798718962549816,0.05963637792771099,0.25798718962549816
echem_regime_raw,capacity_fade_from_first_mAh,diffusion_proxy_abs_median_um2_per_s,54,-0.25798718962549816,0.05963637792771099,0.25798718962549816
echem_regime_raw,capacity_fraction_of_first,diffusion_proxy_abs_median_um2_per_s,54,0.25798718962549816,0.05963637792771099,0.25798718962549816
echem_regime_raw,shape_charge_mAh_neg_abs,diffusion_proxy_abs_median_um2_per_s,54,0.25798718962549816,0.05963637792771099,0.25798718962549816
echem_regime_raw,all_dq_abs_lowV_frac,diffusion_proxy_abs_median_um2_per_s,54,0.2575291564437396,0.06010661368072189,0.2575291564437396
echem_regime_raw,shape_V_std,diffusion_proxy_abs_median_um2_per_s,54,0.2573001398528603,0.0603428481747665,0.2573001398528603
echem_regime_raw,dqdv_entropy_asymmetry,persistence_particle_mse_fraction_of_full_mean,54,-0.25271980803527494,0.0652264383955847,0.25271980803527494
echem_regime_raw,lowV_charge_discharge_imbalance,phase_slope_positive_fraction,54,-0.2519211753316434,0.06610947055388929,0.2519211753316434
echem_regime_raw,shape_charge_mAh_abs,low_rank_dmd_particle_to_nonparticle_mse_ratio_mean,54,0.25111669189912006,0.06700861298188901,0.25111669189912006
echem_regime_raw,pos_dq_abs_highV_frac,transferred_masked_residual_signature,54,0.25077399380804954,0.06739459042438914,0.25077399380804954
echem_regime_raw,echem_regime_pc2,transferred_masked_residual_signature,72,0.24956521739130436,0.03450276362109888,0.24956521739130436
echem_regime_raw,all_dq_abs_highV_frac,diffusion_proxy_abs_median_um2_per_s,54,0.24882652599032734,0.06962184689331753,0.24882652599032734
echem_regime_raw,signed_charge_fraction,velocity_particle_mse_fraction_of_full_mean,54,0.2483684928085688,0.07015411280090836,0.2483684928085688
echem_regime_raw,shape_dVdt_abs_p95,radius2_slope_median_px2_per_s,54,0.24813947621768953,0.07042145859704814,0.24813947621768953
echem_regime_raw,pos_dq_abs_entropy,low_rank_dmd_particle_to_nonparticle_mse_ratio_mean,54,0.24791045962681027,0.0706896150990608,0.24791045962681027
echem_regime_raw,coulombic_efficiency_pct,low_rank_dmd_particle_mse_fraction_of_full_mean,54,-0.24745242644505172,0.07122836665387217,0.24745242644505172
echem_regime_raw,coulombic_inefficiency_pct,low_rank_dmd_particle_mse_fraction_of_full_mean,54,0.24745242644505172,0.07122836665387217,0.24745242644505172
echem_regime_raw,neg_dq_abs_peak_voltage,low_rank_dmd_particle_to_nonparticle_mse_ratio_mean,54,-0.2473108075317157,0.07139560244959171,0.2473108075317157
echem_regime_raw,midV_charge_discharge_imbalance,low_rank_dmd_particle_mse_fraction_of_full_mean,54,0.24653636008153462,0.07231566899958657,0.24653636008153462
echem_regime_raw,highV_charge_discharge_imbalance,low_rank_dmd_particle_mse_fraction_of_full_mean,54,-0.24584931030889684,0.07313977075136462,0.24584931030889684
echem_regime_raw,voltage_peak_hysteresis_proxy,roi_norm_mean_delta_last_minus_first,54,0.24510019259783702,0.07404680297943149,0.24510019259783702
echem_regime_raw,echem_regime_pc3,radius2_slope_median_px2_per_s,72,-0.245028070765564,0.038034534411557276,0.245028070765564
echem_regime_raw,coulombic_efficiency_pct,radius2_slope_median_px2_per_s,54,0.24401717758186267,0.0753738720130723,0.24401717758186267
echem_regime_raw,coulombic_inefficiency_pct,radius2_slope_median_px2_per_s,54,-0.24401717758186267,0.0753738720130723,0.24401717758186267
echem_regime_raw,signed_charge_fraction,low_rank_dmd_particle_mse_fraction_of_full_mean,54,0.24378816099098338,0.07565689621314278,0.24378816099098338
echem_regime_raw,neg_dq_abs_peak_voltage,low_rank_dmd_particle_mse_fraction_of_full_mean,54,-0.24370231216387409,0.07576320695003866,0.24370231216387409
echem_regime_raw,all_dq_abs_lowV_frac,low_rank_dmd_particle_mse_fraction_of_full_mean,54,0.2431011112183456,0.07651102277085929,0.2431011112183456
echem_regime_raw,shape_dVdt_abs_p95,transferred_masked_residual_signature,54,-0.24251805985552113,0.07724183182641564,0.24251805985552113
echem_regime_raw,all_dq_abs_entropy,phase_slope_positive_fraction,54,-0.24218057903968893,0.07766735363053107,0.24218057903968893
echem_regime_raw,highV_charge_discharge_imbalance,phase_slope_positive_fraction,54,0.24111311643235145,0.07902550572869371,0.24111311643235145
echem_regime_raw,shape_charge_mAh_abs,roi_norm_mean_delta_last_minus_first,54,0.23897881258251874,0.08179720648266893,0.23897881258251874
echem_regime_raw,shape_charge_mAh_abs,object_mean_residual,54,-0.23874979599163942,0.08209910896913106,0.23874979599163942
echem_regime_raw,shape_charge_mAh_pos,transferred_masked_residual_signature,54,0.23839009287925694,0.08257505987003912,0.23839009287925694
echem_regime_raw,signed_charge_fraction,radius2_slope_median_px2_per_s,54,-0.23714667985548454,0.08423705860282758,0.23714667985548454
echem_regime_raw,pos_dq_abs_peak_frac,transferred_masked_residual_signature,54,0.23632610939112486,0.08534818477713911,0.23632610939112486
echem_regime_raw,dqdv_peak_concentration,transferred_masked_residual_signature,54,0.23632610939112486,0.08534818477713911,0.23632610939112486
echem_regime_raw,echem_regime_pc3,low_rank_dmd_particle_mse_fraction_of_full_mean,72,0.23624258832282707,0.04572983861351269,0.23624258832282707
echem_regime_raw,capacity_mAh,object_mean_residual,54,-0.23623061349196744,0.08547823848366931,0.23623061349196744
echem_regime_raw,capacity_fade_from_first_mAh,object_mean_residual,54,0.23623061349196744,0.08547823848366931,0.23623061349196744
echem_regime_raw,capacity_fraction_of_first,object_mean_residual,54,-0.23623061349196744,0.08547823848366931,0.23623061349196744
echem_regime_raw,shape_charge_mAh_neg_abs,object_mean_residual,54,-0.23623061349196744,0.08547823848366931,0.23623061349196744
echem_regime_raw,shape_charge_mAh_pos,phase_slope_positive_fraction,54,-0.23470834078832664,0.08757245524311882,0.23470834078832664
echem_regime_raw,echem_regime_pc1,transferred_masked_residual_signature,72,-0.23391304347826086,0.047972806278242755,0.23391304347826086
echem_regime_raw,neg_dq_abs_highV_frac,phase_slope_positive_fraction,54,-0.23297371405140324,0.0900075593943244,0.23297371405140324
echem_regime_raw,capacity_mAh,threshold_robust_phase_score,54,-0.23197658347963815,0.09143111038065642,0.23197658347963815
echem_regime_raw,capacity_fade_from_first_mAh,threshold_robust_phase_score,54,0.23197658347963815,0.09143111038065642,0.23197658347963815
echem_regime_raw,capacity_fraction_of_first,threshold_robust_phase_score,54,-0.23197658347963815,0.09143111038065642,0.23197658347963815
echem_regime_raw,shape_charge_mAh_neg_abs,threshold_robust_phase_score,54,-0.23197658347963815,0.09143111038065642,0.23197658347963815
echem_regime_raw,all_dq_abs_peak_frac,low_rank_dmd_particle_mse_fraction_of_full_mean,54,-0.23187929826526135,0.09157093465208996,0.23187929826526135
echem_regime_raw,charge_discharge_capacity_gap_mAh,radius2_slope_median_px2_per_s,54,-0.23142126508350278,0.09223149099452285,0.23142126508350278
echem_regime_raw,charge_discharge_capacity_abs_gap_mAh,radius2_slope_median_px2_per_s,54,-0.23142126508350278,0.09223149099452285,0.23142126508350278
echem_regime_raw,all_dq_abs_entropy,low_rank_dmd_particle_mse_fraction_of_full_mean,54,0.23119224849262351,0.09256315939557225,0.23119224849262351
echem_regime_raw,shape_I_abs_mean_mA,threshold_robust_phase_score,54,0.23072098923821818,0.09324857474493656,0.23072098923821818
echem_regime_raw,shape_charge_mAh_pos,low_rank_dmd_particle_mse_fraction_of_full_mean,54,0.23027618212910644,0.09389913792355423,0.23027618212910644
echem_regime_raw,echem_regime_pc1,threshold_robust_phase_score,72,-0.22925203313302703,0.05273230239503693,0.22925203313302703
echem_regime_raw,all_dq_abs_midV_frac,diffusion_proxy_abs_median_um2_per_s,54,-0.22706994985679665,0.09869355640937744,0.22706994985679665
echem_regime_raw,neg_dq_abs_midV_frac,diffusion_proxy_abs_median_um2_per_s,54,-0.22523781712976249,0.10151717190585466,0.22523781712976249
echem_regime_raw,all_dq_abs_peak_frac,object_mean_residual,54,0.22500880053888322,0.10187447018871332,0.22500880053888322
echem_regime_raw,dqdv_integral_asymmetry,low_rank_dmd_particle_mse_fraction_of_full_mean,54,-0.2243217507662454,0.10295219721976812,0.2243217507662454
echem_regime_raw,coulombic_efficiency_pct,velocity_particle_mse_fraction_of_full_mean,54,-0.22386371758448687,0.10367555744961404,0.22386371758448687
echem_regime_raw,coulombic_inefficiency_pct,velocity_particle_mse_fraction_of_full_mean,54,0.22386371758448687,0.10367555744961404,0.22386371758448687
echem_regime_raw,dqdv_integral_asymmetry,roi_norm_mean_delta_last_minus_first,54,-0.2236347009936076,0.1040387048367965,0.2236347009936076
echem_regime_raw,neg_dq_abs_peak_frac,low_rank_dmd_particle_mse_fraction_of_full_mean,54,-0.22340568440272832,0.10440283245072034,0.22340568440272832
echem_regime_raw,neg_dq_abs_peak_voltage,roi_norm_mean_delta_last_minus_first,54,-0.22334008830248217,0.10450730854393485,0.22334008830248217
echem_regime_raw,dqdv_integral_asymmetry,object_mean_residual,54,0.2229476512209698,0.10513403448548252,0.2229476512209698
echem_regime_raw,pos_dq_abs_midV_frac,transferred_masked_residual_signature,54,-0.2218782249742002,0.10685661872675072,0.2218782249742002
echem_regime_raw,echem_regime_pc2,object_mean_residual,72,-0.22137484880434916,0.06164895663856519,0.22137484880434916
echem_regime_raw,neg_dq_abs_entropy,low_rank_dmd_particle_mse_fraction_of_full_mean,54,0.22088650190305636,0.10847336823002027,0.22088650190305636
echem_regime_raw,voltage_peak_hysteresis_proxy,low_rank_dmd_particle_mse_fraction_of_full_mean,54,0.21997742285655872,0.10997183335297002,0.21997742285655872
echem_regime_raw,neg_dq_abs_midV_frac,transferred_masked_residual_signature,54,-0.21981424148606807,0.11024248343516713,0.21981424148606807
echem_regime_raw,neg_dq_abs_peak_frac,roi_norm_mean_delta_last_minus_first,54,-0.21951240235778072,0.11074445506959767,0.21951240235778072
echem_regime_raw,coulombic_efficiency_pct,threshold_robust_phase_score,54,-0.21857349198970352,0.11231710902124528,0.21857349198970352
echem_regime_raw,coulombic_inefficiency_pct,threshold_robust_phase_score,54,0.21857349198970352,0.11231710902124528,0.21857349198970352
echem_regime_raw,all_dq_abs_midV_frac,transferred_masked_residual_signature,54,-0.21775025799793601,0.11371002297351189,0.21775025799793601
echem_regime_raw,pos_dq_abs_peak_voltage,persistence_particle_mse_fraction_of_full_mean,54,0.21720492456077264,0.11463997471602237,0.21720492456077264
echem_regime_raw,pos_dq_abs_entropy,roi_norm_mean_delta_last_minus_first,54,0.21653518667635022,0.11579000749916198,0.21653518667635022
echem_regime_raw,echem_regime_pc2,threshold_robust_phase_score,72,0.21520141357917047,0.06945923968247604,0.21520141357917047
echem_regime_raw,neg_dq_abs_highV_frac,diffusion_proxy_abs_median_um2_per_s,54,0.2151610871310746,0.11817706192857225,0.2151610871310746
echem_regime_raw,shape_dVdt_abs_p95,low_rank_dmd_particle_to_nonparticle_mse_ratio_mean,54,-0.21447403735843676,0.11938455228825103,0.21447403735843676
echem_regime_raw,shape_I_abs_mean_mA,velocity_particle_mse_fraction_of_full_mean,54,-0.21424108852517426,0.11979608315656987,0.21424108852517426
echem_regime_raw,shape_dVdt_abs_p95,velocity_particle_mse_fraction_of_full_mean,54,-0.21241288804052336,0.12306334945903148,0.21241288804052336
echem_regime_raw,neg_dq_abs_highV_frac,low_rank_dmd_particle_to_nonparticle_mse_ratio_mean,54,0.21172583826788552,0.12430852104934861,0.21172583826788552
echem_regime_raw,echem_outlier_score,persistence_particle_mse_fraction_of_full_mean,54,0.2096646889499721,0.12810129637230752,0.2096646889499721
echem_regime_raw,signed_charge_fraction,threshold_robust_phase_score,54,0.20963809766308042,0.12815079194054124,0.20963809766308042
echem_regime_raw,shape_charge_mAh_pos,low_rank_dmd_particle_to_nonparticle_mse_ratio_mean,54,0.20943567235909283,0.1285280485962016,0.20943567235909283
echem_regime_raw,charge_discharge_capacity_gap_mAh,threshold_robust_phase_score,54,0.20906531597547637,0.12922044366452803,0.20906531597547637
echem_regime_raw,charge_discharge_capacity_abs_gap_mAh,threshold_robust_phase_score,54,0.20906531597547637,0.12922044366452803,0.20906531597547637
echem_regime_raw,shape_V_range,radius2_slope_median_px2_per_s,54,-0.20783255622293795,0.13154540142856924,0.20783255622293795
echem_regime_raw,shape_charge_mAh_abs,threshold_robust_phase_score,54,-0.20631596387497697,0.13444867458425327,0.20631596387497697
echem_regime_raw,shape_V_std,phase_slope_positive_fraction,54,-0.20588685039021487,0.1352788075770858,0.20588685039021487
echem_regime_raw,pos_dq_abs_entropy,object_mean_residual,54,-0.20393927417799032,0.13909482721945307,0.20393927417799032
echem_regime_raw,echem_regime_pc2,low_rank_dmd_particle_mse_fraction_of_full_mean,72,0.20361079639266133,0.08625755183951844,0.20361079639266133
echem_regime_raw,all_dq_abs_entropy,low_rank_dmd_particle_to_nonparticle_mse_ratio_mean,54,0.20302320781447325,0.14091731672087837,0.20302320781447325
echem_regime_raw,shape_I_abs_mean_mA,low_rank_dmd_particle_mse_fraction_of_full_mean,54,-0.2016386715531052,0.14370555183331105,0.2016386715531052
echem_regime_raw,echem_regime_pc4,radius2_slope_median_px2_per_s,72,-0.20110065855187934,0.09028737592119353,0.20110065855187934
echem_regime_raw,pos_dq_abs_lowV_frac,diffusion_proxy_abs_median_um2_per_s,54,-0.20096205849655985,0.14508298996022453,0.20096205849655985
echem_regime_raw,pos_dq_abs_peak_frac,low_rank_dmd_particle_mse_fraction_of_full_mean,54,-0.20096205849655985,0.14508298996022453,0.20096205849655985
echem_regime_raw,dqdv_peak_concentration,low_rank_dmd_particle_mse_fraction_of_full_mean,54,-0.20096205849655985,0.14508298996022453,0.20096205849655985
echem_regime_raw,shape_V_std,radius2_slope_median_px2_per_s,54,-0.20073304190568053,0.14555143505116555,0.20073304190568053
echem_regime_raw,pos_dq_abs_peak_voltage,diffusion_proxy_abs_median_um2_per_s,54,0.2000571673586064,0.1469404660317332,0.2000571673586064
echem_regime_raw,all_dq_abs_entropy,diffusion_proxy_abs_median_um2_per_s,54,0.19775582622425006,0.15174391151114916,0.19775582622425006
echem_regime_raw,dqdv_entropy_asymmetry,low_rank_dmd_particle_mse_fraction_of_full_mean,54,-0.19661074326985367,0.15417677807356556,0.19661074326985367
echem_regime_raw,echem_regime_pc4,transferred_masked_residual_signature,72,-0.19565217391304346,0.09954385282526061,0.19565217391304346
echem_regime_raw,neg_dq_abs_peak_frac,low_rank_dmd_particle_to_nonparticle_mse_ratio_mean,54,-0.19294647781578536,0.1621552671508834,0.19294647781578536
echem_regime_raw,neg_dq_abs_lowV_frac,phase_slope_positive_fraction,54,0.1917429708429934,0.16484061397813973,0.1917429708429934
echem_regime_raw,all_dq_abs_entropy,roi_norm_mean_delta_last_minus_first,54,0.19157237827050974,0.16522386638499698,0.19157237827050974
echem_regime_raw,shape_I_pos_fraction,phase_slope_positive_fraction,54,0.19134267236524186,0.16574095051549176,0.19134267236524186
echem_regime_raw,shape_I_neg_fraction,phase_slope_positive_fraction,54,-0.19134267236524186,0.16574095051549176,0.19134267236524186
echem_regime_raw,shape_dVdt_abs_p95,persistence_particle_mse_fraction_of_full_mean,54,-0.19065631190699264,0.16729303653966282,0.19065631190699264
echem_regime_raw,all_dq_abs_highV_frac,low_rank_dmd_particle_to_nonparticle_mse_ratio_mean,54,0.18653401327116578,0.17683844265502383,0.18653401327116578
echem_regime_raw,highV_charge_discharge_imbalance,low_rank_dmd_particle_to_nonparticle_mse_ratio_mean,54,-0.1863049966802865,0.17738005810219007,0.1863049966802865
echem_regime_raw,shape_dVdt_sign_consistency,diffusion_proxy_abs_median_um2_per_s,54,-0.18515991372589016,0.18010613148553323,0.18515991372589016
echem_regime_raw,echem_regime_pc3,diffusion_proxy_abs_median_um2_per_s,72,0.1850743938761175,0.11961233574684595,0.1850743938761175
echem_regime_raw,dqdv_entropy_asymmetry,transferred_masked_residual_signature,54,-0.18472652218782246,0.18114573942247023,0.18472652218782246
echem_regime_raw,highV_charge_discharge_imbalance,diffusion_proxy_abs_median_um2_per_s,54,-0.1842438473623731,0.18230864890508774,0.1842438473623731
echem_regime_raw,neg_dq_abs_lowV_frac,velocity_particle_mse_fraction_of_full_mean,54,0.18378581418061454,0.18341715012611584,0.18378581418061454
echem_regime_raw,shape_dVdt_sign_consistency,low_rank_dmd_particle_mse_fraction_of_full_mean,54,-0.18264073122621818,0.18620959296463993,0.18264073122621818
echem_regime_raw,shape_V_std,low_rank_dmd_particle_to_nonparticle_mse_ratio_mean,54,0.18218269804445963,0.18733506724692114,0.18218269804445963
echem_regime_raw,shape_dVdt_sign_consistency,roi_norm_mean_delta_last_minus_first,54,-0.17828941599951206,0.19709890848635153,0.17828941599951206
echem_regime_raw,shape_V_range,roi_norm_mean_delta_last_minus_first,54,0.1762282666815986,0.2024119742445986,0.1762282666815986
echem_regime_raw,echem_regime_pc1,low_rank_dmd_particle_mse_fraction_of_full_mean,72,-0.17570964885473855,0.13984593322207128,0.17570964885473855
echem_regime_raw,shape_charge_mAh_pos,roi_norm_mean_delta_last_minus_first,54,0.17325105100016808,0.21026403375348252,0.17325105100016808
echem_regime_raw,echem_regime_pc1,object_mean_residual,72,0.1731029672508496,0.14591213015481733,0.1731029672508496
echem_regime_raw,neg_dq_abs_entropy,low_rank_dmd_particle_to_nonparticle_mse_ratio_mean,54,0.1725640012275303,0.21210602842125065,0.1725640012275303
echem_regime_raw,neg_dq_abs_entropy,roi_norm_mean_delta_last_minus_first,54,0.17118990168225467,0.21582390557778236,0.17118990168225467
echem_regime_raw,pos_dq_abs_entropy,low_rank_dmd_particle_mse_fraction_of_full_mean,54,0.1702738353187376,0.21832765924563494,0.1702738353187376
echem_regime_raw,pos_dq_abs_lowV_frac,object_mean_residual,54,0.16981580213697903,0.2195871047769639,0.16981580213697903
echem_regime_raw,voltage_peak_hysteresis_proxy,low_rank_dmd_particle_to_nonparticle_mse_ratio_mean,54,0.16862893250731187,0.22287414655941593,0.16862893250731187
echem_regime_raw,pos_dq_abs_peak_voltage,radius2_slope_median_px2_per_s,54,-0.16861961248796822,0.22290009294119362,0.16861961248796822
echem_regime_raw,shape_charge_mAh_abs,low_rank_dmd_particle_mse_fraction_of_full_mean,54,0.1684417025917034,0.22339578598029639,0.1684417025917034
echem_regime_raw,pos_dq_abs_lowV_frac,phase_slope_abs_median_per_s,54,-0.1684417025917034,0.22339578598029639,0.1684417025917034
echem_regime_raw,charge_discharge_capacity_gap_mAh,persistence_particle_mse_fraction_of_full_mean,54,0.16798366940994489,0.22467548014437694,0.16798366940994489
echem_regime_raw,charge_discharge_capacity_abs_gap_mAh,persistence_particle_mse_fraction_of_full_mean,54,0.16798366940994489,0.22467548014437694,0.16798366940994489
echem_regime_raw,all_dq_abs_entropy,transferred_masked_residual_signature,54,-0.16615067079463364,0.22984753400982785,0.16615067079463364
echem_regime_raw,neg_dq_abs_highV_frac,transferred_masked_residual_signature,54,0.16615067079463364,0.22984753400982785,0.16615067079463364
echem_regime_raw,pos_dq_abs_highV_frac,radius2_slope_median_px2_per_s,54,-0.1654644869102729,0.2318046764396349,0.1654644869102729
echem_regime_raw,pos_dq_abs_midV_frac,radius2_slope_median_px2_per_s,54,0.1645484205467558,0.23443535244079203,0.1645484205467558
echem_regime_raw,all_dq_abs_peak_frac,diffusion_proxy_abs_median_um2_per_s,54,-0.16271628781972164,0.23975811564768643,0.16271628781972164
echem_regime_raw,all_dq_abs_peak_frac,roi_norm_mean_delta_last_minus_first,54,-0.16111317168356676,0.24448289160422812,0.16111317168356676
echem_regime_raw,dqdv_entropy_asymmetry,roi_norm_mean_delta_last_minus_first,54,-0.16065513850180824,0.24584440224092052,0.16065513850180824
echem_regime_raw,highV_charge_discharge_imbalance,roi_norm_mean_delta_last_minus_first,54,-0.16042612191092895,0.2465270892355013,0.16042612191092895
echem_regime_raw,lowV_charge_discharge_imbalance,velocity_particle_mse_fraction_of_full_mean,54,-0.15951005554741185,0.24927072655656426,0.15951005554741185
echem_regime_raw,echem_outlier_score,phase_slope_positive_fraction,54,0.15905192849328328,0.25065056880102293,0.15905192849328328
echem_regime_raw,all_dq_abs_peak_voltage,transferred_masked_residual_signature,54,0.1590087976484891,0.2507807415583548,0.1590087976484891
echem_regime_raw,all_dq_abs_midV_frac,radius2_slope_median_px2_per_s,54,0.1567618564568606,0.2576256288842422,0.1567618564568606
echem_regime_raw,echem_regime_pc3,low_rank_dmd_particle_to_nonparticle_mse_ratio_mean,72,0.15389075839255673,0.1968227870626872,0.15389075839255673
echem_regime_raw,shape_V_mean,threshold_robust_phase_score,54,0.15384916129044643,0.26668427011479406,0.15384916129044643
echem_regime_raw,neg_dq_abs_entropy,transferred_masked_residual_signature,54,0.15170278637770898,0.27349415247896774,0.15170278637770898
echem_regime_raw,echem_regime_pc1,persistence_particle_mse_fraction_of_full_mean,72,0.15031863915759774,0.2075437816787141,0.15031863915759774
echem_regime_raw,shape_V_std,transferred_masked_residual_signature,54,0.14963880288957687,0.28015055064373495,0.14963880288957687
echem_regime_raw,capacity_mAh,low_rank_dmd_particle_mse_fraction_of_full_mean,54,0.14943332554872396,0.28081901833009515,0.14943332554872396
echem_regime_raw,capacity_fade_from_first_mAh,low_rank_dmd_particle_mse_fraction_of_full_mean,54,-0.14943332554872396,0.28081901833009515,0.14943332554872396
echem_regime_raw,capacity_fraction_of_first,low_rank_dmd_particle_mse_fraction_of_full_mean,54,0.14943332554872396,0.28081901833009515,0.14943332554872396
echem_regime_raw,shape_charge_mAh_neg_abs,low_rank_dmd_particle_mse_fraction_of_full_mean,54,0.14943332554872396,0.28081901833009515,0.14943332554872396
echem_regime_raw,dqdv_integral_asymmetry,phase_slope_positive_fraction,54,0.14931133220132886,0.28121638930991544,0.14931133220132886
echem_regime_raw,charge_discharge_capacity_gap_mAh,phase_slope_positive_fraction,54,0.1491778993754117,0.2816514463440895,0.1491778993754117
echem_regime_raw,charge_discharge_capacity_abs_gap_mAh,phase_slope_positive_fraction,54,0.1491778993754117,0.2816514463440895,0.1491778993754117
echem_regime_raw,echem_regime_pc3,roi_norm_mean_delta_last_minus_first,72,0.14877393894788576,0.21230597175876503,0.14877393894788576
echem_regime_raw,neg_dq_abs_highV_frac,roi_norm_mean_delta_last_minus_first,54,0.14485299373113855,0.295992875009087,0.14485299373113855
echem_regime_raw,shape_I_pos_fraction,threshold_robust_phase_score,54,0.14479921062630255,0.2961741545376462,0.14479921062630255
echem_regime_raw,shape_I_neg_fraction,threshold_robust_phase_score,54,-0.14479921062630255,0.2961741545376462,0.14479921062630255
echem_regime_raw,echem_regime_pc3,phase_slope_positive_fraction,72,-0.1446578262090629,0.2253712186964034,0.1446578262090629
echem_regime_raw,echem_regime_pc4,phase_slope_abs_median_per_s,72,0.14385020702942883,0.2279992694305035,0.14385020702942883
echem_regime_raw,shape_V_mean,roi_norm_mean_delta_last_minus_first,54,0.14347889418586296,0.30064698524169836,0.14347889418586296
echem_regime_raw,dqdv_entropy_asymmetry,low_rank_dmd_particle_to_nonparticle_mse_ratio_mean,54,-0.14256282782234586,0.3037758804580657,0.14256282782234586
echem_regime_raw,signed_charge_fraction,persistence_particle_mse_fraction_of_full_mean,54,0.14187577804970805,0.3061362837333024,0.14187577804970805
echem_regime_raw,neg_dq_abs_lowV_frac,transferred_masked_residual_signature,54,-0.14138286893704852,0.3078369553313965,0.14138286893704852
echem_regime_raw,shape_V_std,threshold_robust_phase_score,54,0.14113340782563663,0.3086999732312911,0.14113340782563663
echem_regime_raw,echem_regime_pc3,transferred_masked_residual_signature,72,-0.1391304347826087,0.24378488264570727,0.1391304347826087
echem_regime_raw,pos_dq_abs_peak_voltage,low_rank_dmd_particle_to_nonparticle_mse_ratio_mean,54,-0.1371820576173301,0.32257662882437227,0.1371820576173301
echem_regime_raw,shape_dVdt_sign_consistency,threshold_robust_phase_score,54,-0.13666571066232508,0.3244187055730883,0.13666571066232508
echem_regime_raw,all_dq_abs_lowV_frac,low_rank_dmd_particle_to_nonparticle_mse_ratio_mean,54,0.13546331350508847,0.3287339898763339,0.13546331350508847
echem_regime_raw,highV_charge_discharge_imbalance,transferred_masked_residual_signature,54,-0.1351909184726522,0.32971658440986096,0.1351909184726522
echem_regime_raw,pos_dq_abs_peak_voltage,low_rank_dmd_particle_mse_fraction_of_full_mean,54,0.1343240980836357,0.33285568733777854,0.1343240980836357
echem_regime_raw,all_dq_abs_highV_frac,phase_slope_positive_fraction,54,-0.13383312439493555,0.3346419806405007,0.13383312439493555
echem_regime_raw,shape_charge_mAh_abs,radius2_slope_median_px2_per_s,54,-0.13088298168750306,0.3455013250823938,0.13088298168750306
echem_regime_raw,neg_dq_abs_lowV_frac,persistence_particle_mse_fraction_of_full_mean,54,0.13065396509662378,0.34635334524800976,0.13065396509662378
echem_regime_raw,echem_outlier_score,roi_norm_mean_delta_last_minus_first,54,0.1297378987331067,0.3497744003428389,0.1297378987331067
echem_regime_raw,shape_charge_mAh_pos,radius2_slope_median_px2_per_s,54,-0.1290508489604689,0.3523538037065505,0.1290508489604689
echem_regime_raw,shape_dVdt_sign_consistency,transferred_masked_residual_signature,54,-0.12899896800825594,0.3525490547248421,0.12899896800825594
echem_regime_raw,shape_dVdt_abs_p95,phase_slope_abs_median_per_s,54,-0.12859281577871035,0.3540798816461985,0.12859281577871035
echem_regime_raw,dqdv_integral_asymmetry,radius2_slope_median_px2_per_s,54,-0.12836379918783108,0.35494486202442505,0.12836379918783108
echem_regime_raw,pos_dq_abs_lowV_frac,radius2_slope_median_px2_per_s,54,0.12721871623343473,0.3592891598448876,0.12721871623343473
echem_regime_raw,echem_regime_pc4,diffusion_proxy_abs_median_um2_per_s,72,-0.12647232967016894,0.28976855170615523,0.12647232967016894
echem_regime_raw,shape_I_abs_mean_mA,phase_slope_positive_fraction,54,-0.12629263661831733,0.36282620178302494,0.12629263661831733
echem_regime_raw,echem_regime_pc2,diffusion_proxy_abs_median_um2_per_s,72,0.12618269838084795,0.29088345588123,0.12618269838084795
echem_regime_raw,coulombic_efficiency_pct,phase_slope_positive_fraction,54,-0.12475969223256701,0.3687273997404539,0.12475969223256701
echem_regime_raw,coulombic_inefficiency_pct,phase_slope_positive_fraction,54,0.12475969223256701,0.3687273997404539,0.12475969223256701
echem_regime_raw,signed_charge_fraction,phase_slope_positive_fraction,54,0.12475969223256701,0.3687273997404539,0.12475969223256701
echem_regime_raw,all_dq_abs_peak_frac,radius2_slope_median_px2_per_s,54,0.12424150055200422,0.3707352573029224,0.12424150055200422
echem_regime_raw,pos_dq_abs_entropy,threshold_robust_phase_score,54,0.12211705579718235,0.37903558910468554,0.12211705579718235
echem_regime_raw,pos_dq_abs_lowV_frac,persistence_particle_mse_fraction_of_full_mean,54,-0.1219513346432115,0.3796877041172536,0.1219513346432115
echem_regime_raw,shape_V_mean,radius2_slope_median_px2_per_s,54,-0.12103526827969444,0.38330450549240663,0.12103526827969444
echem_regime_raw,echem_outlier_score,threshold_robust_phase_score,54,0.12097149242197427,0.38355706480833696,0.12097149242197427
echem_regime_raw,capacity_mAh,transferred_masked_residual_signature,54,-0.12074303405572755,0.38446259624484164,0.12074303405572755
echem_regime_raw,capacity_fade_from_first_mAh,transferred_masked_residual_signature,54,0.12074303405572755,0.38446259624484164,0.12074303405572755
echem_regime_raw,capacity_fraction_of_first,transferred_masked_residual_signature,54,-0.12074303405572755,0.38446259624484164,0.12074303405572755
echem_regime_raw,shape_charge_mAh_neg_abs,transferred_masked_residual_signature,54,-0.12074303405572755,0.38446259624484164,0.12074303405572755
echem_regime_raw,shape_I_abs_mean_mA,diffusion_proxy_abs_median_um2_per_s,54,0.11846271953744929,0.3935703802789353,0.11846271953744929
echem_regime_raw,coulombic_efficiency_pct,persistence_particle_mse_fraction_of_full_mean,54,-0.11645493646210903,0.4016936734894537,0.11645493646210903
echem_regime_raw,coulombic_inefficiency_pct,persistence_particle_mse_fraction_of_full_mean,54,0.11645493646210903,0.4016936734894537,0.11645493646210903
echem_regime_raw,echem_regime_pc4,low_rank_dmd_particle_mse_fraction_of_full_mean,72,0.11565942820218506,0.33330482419361873,0.11565942820218506
echem_regime_raw,all_dq_abs_midV_frac,low_rank_dmd_particle_to_nonparticle_mse_ratio_mean,54,-0.11462280373507486,0.4091908240808079,0.11462280373507486
echem_regime_raw,pos_dq_abs_peak_frac,low_rank_dmd_particle_to_nonparticle_mse_ratio_mean,54,-0.11416477055331632,0.4110776602776314,0.11416477055331632
echem_regime_raw,dqdv_peak_concentration,low_rank_dmd_particle_to_nonparticle_mse_ratio_mean,54,-0.11416477055331632,0.4110776602776314,0.11416477055331632
echem_regime_raw,all_dq_abs_highV_frac,threshold_robust_phase_score,54,0.11249432344543442,0.41800130804682506,0.11249432344543442
echem_regime_raw,shape_dVdt_sign_consistency,low_rank_dmd_particle_to_nonparticle_mse_ratio_mean,54,-0.11187460464452362,0.42058676648197996,0.11187460464452362
echem_regime_raw,highV_charge_discharge_imbalance,threshold_robust_phase_score,54,-0.11031775303253903,0.42712199710853116,0.11031775303253903
echem_regime_raw,all_dq_abs_lowV_frac,threshold_robust_phase_score,54,0.10940130233237257,0.4309957039905321,0.10940130233237257
echem_regime_raw,all_dq_abs_lowV_frac,phase_slope_positive_fraction,54,-0.10861432029658777,0.43433789317844995,0.10861432029658777
echem_regime_raw,voltage_peak_hysteresis_proxy,phase_slope_positive_fraction,54,-0.10781677633151973,0.4377397158320423,0.10781677633151973
echem_regime_raw,echem_regime_pc1,phase_slope_positive_fraction,72,-0.10773543194462396,0.3676990095617398,0.10773543194462396
echem_regime_raw,neg_dq_abs_midV_frac,radius2_slope_median_px2_per_s,54,0.1066072230543004,0.4429271969235282,0.1066072230543004
echem_regime_raw,lowV_charge_discharge_imbalance,persistence_particle_mse_fraction_of_full_mean,54,-0.10637820646342114,0.44391322038785086,0.10637820646342114
echem_regime_raw,neg_dq_abs_entropy,phase_slope_positive_fraction,54,-0.10621252943007845,0.44462729530455003,0.10621252943007845
echem_regime_raw,pos_dq_abs_highV_frac,low_rank_dmd_particle_to_nonparticle_mse_ratio_mean,54,0.10385902396374914,0.45483944335200305,0.10385902396374914
echem_regime_raw,pos_dq_abs_lowV_frac,velocity_particle_mse_fraction_of_full_mean,54,-0.10340099078199061,0.45684170579056177,0.10340099078199061
echem_regime_raw,shape_I_abs_mean_mA,roi_norm_mean_delta_last_minus_first,54,-0.10333981917096641,0.4571094769729039,0.10333981917096641
echem_regime_raw,pos_dq_abs_peak_voltage,roi_norm_mean_delta_last_minus_first,54,0.10288654321299757,0.4590963009267036,0.10288654321299757
echem_regime_raw,pos_dq_abs_lowV_frac,roi_norm_mean_delta_last_minus_first,54,-0.10271394100935281,0.45985409332248023,0.10271394100935281
echem_regime_raw,pos_dq_abs_peak_frac,radius2_slope_median_px2_per_s,54,-0.10065279169143937,0.4689556833367355,0.10065279169143937
echem_regime_raw,dqdv_peak_concentration,radius2_slope_median_px2_per_s,54,-0.10065279169143937,0.4689556833367355,0.10065279169143937
echem_regime_raw,lowV_charge_discharge_imbalance,transferred_masked_residual_signature,54,0.1001031991744066,0.4713987974134295,0.1001031991744066
echem_regime_raw,pos_dq_abs_midV_frac,low_rank_dmd_particle_to_nonparticle_mse_ratio_mean,54,-0.09904967555528447,0.4761010349110184,0.09904967555528447
echem_regime_raw,pos_dq_abs_lowV_frac,low_rank_dmd_particle_to_nonparticle_mse_ratio_mean,54,0.09813360919176738,0.48020995049305293,0.09813360919176738
echem_regime_raw,midV_charge_discharge_imbalance,low_rank_dmd_particle_to_nonparticle_mse_ratio_mean,54,0.09584344328297469,0.49056380574200764,0.09584344328297469
echem_regime_raw,all_dq_abs_peak_voltage,low_rank_dmd_particle_mse_fraction_of_full_mean,54,0.09577836898772495,0.4908596992588739,0.09577836898772495
echem_regime_raw,echem_regime_pc4,low_rank_dmd_particle_to_nonparticle_mse_ratio_mean,72,0.09528869418660822,0.4259072717853909,0.09528869418660822
echem_regime_raw,capacity_mAh,radius2_slope_median_px2_per_s,54,-0.0949273769194576,0.4947377237685624,0.0949273769194576
echem_regime_raw,capacity_fade_from_first_mAh,radius2_slope_median_px2_per_s,54,0.0949273769194576,0.4947377237685624,0.0949273769194576
echem_regime_raw,capacity_fraction_of_first,radius2_slope_median_px2_per_s,54,-0.0949273769194576,0.4947377237685624,0.0949273769194576
echem_regime_raw,shape_charge_mAh_neg_abs,radius2_slope_median_px2_per_s,54,-0.0949273769194576,0.4947377237685624,0.0949273769194576
echem_regime_raw,highV_charge_discharge_imbalance,radius2_slope_median_px2_per_s,54,-0.09469836032857833,0.4957840748893491,0.09469836032857833
echem_regime_raw,lowV_charge_discharge_imbalance,low_rank_dmd_particle_to_nonparticle_mse_ratio_mean,54,0.09424032714681979,0.4978802121512848,0.09424032714681979
echem_regime_raw,shape_I_abs_mean_mA,low_rank_dmd_particle_to_nonparticle_mse_ratio_mean,54,-0.09325788559331114,0.5023916408757461,0.09325788559331114
echem_regime_raw,neg_dq_abs_peak_voltage,threshold_robust_phase_score,54,0.09186184420275796,0.5088382571804991,0.09186184420275796
echem_regime_raw,all_dq_abs_lowV_frac,transferred_masked_residual_signature,54,-0.08978328173374613,0.518513985517517,0.08978328173374613
echem_regime_raw,shape_I_pos_fraction,radius2_slope_median_px2_per_s,54,-0.08943097873835512,0.5201630581296646,0.08943097873835512
echem_regime_raw,shape_I_neg_fraction,radius2_slope_median_px2_per_s,54,0.08943097873835512,0.5201630581296646,0.08943097873835512
echem_regime_raw,dqdv_integral_asymmetry,low_rank_dmd_particle_to_nonparticle_mse_ratio_mean,54,-0.08851491237483804,0.5244632663551914,0.08851491237483804
echem_regime_raw,shape_I_abs_mean_mA,radius2_slope_median_px2_per_s,54,0.08821691880448351,0.5258659118514003,0.08821691880448351
echem_regime_raw,dqdv_integral_asymmetry,transferred_masked_residual_signature,54,0.08565531475748193,0.5379995688962285,0.08565531475748193
echem_regime_raw,shape_I_pos_fraction,low_rank_dmd_particle_to_nonparticle_mse_ratio_mean,54,0.08530868010252825,0.5396519032125638,0.08530868010252825
echem_regime_raw,shape_I_neg_fraction,low_rank_dmd_particle_to_nonparticle_mse_ratio_mean,54,-0.08530868010252825,0.5396519032125638,0.08530868010252825
echem_regime_raw,midV_charge_discharge_imbalance,phase_slope_positive_fraction,54,-0.08486327728332901,0.541778659012273,0.08486327728332901
echem_regime_raw,shape_V_mean,phase_slope_positive_fraction,54,0.08419611315374309,0.5449718806678115,0.08419611315374309
echem_regime_raw,neg_dq_abs_midV_frac,low_rank_dmd_particle_to_nonparticle_mse_ratio_mean,54,-0.08324753078461482,0.5495276052970882,0.08324753078461482
echem_regime_raw,midV_charge_discharge_imbalance,roi_norm_mean_delta_last_minus_first,54,0.08141539805758063,0.5583779851894292,0.08141539805758063
echem_regime_raw,neg_dq_abs_highV_frac,threshold_robust_phase_score,54,0.08110588696473275,0.5598797363570289,0.08110588696473275
echem_regime_raw,all_dq_abs_highV_frac,roi_norm_mean_delta_last_minus_first,54,0.07981228192142574,0.5661768154776162,0.07981228192142574
echem_regime_raw,shape_dVdt_abs_p95,diffusion_proxy_abs_median_um2_per_s,54,-0.0793542487396672,0.5684143357067711,0.0793542487396672
echem_regime_raw,neg_dq_abs_peak_voltage,transferred_masked_residual_signature,54,0.07897985036787898,0.5702463378031514,0.07897985036787898
echem_regime_raw,echem_outlier_score,low_rank_dmd_particle_to_nonparticle_mse_ratio_mean,54,0.0786671989670294,0.571778290621592,0.0786671989670294
echem_regime_raw,pos_dq_abs_peak_frac,diffusion_proxy_abs_median_um2_per_s,54,-0.07843818237615013,0.5729016472186391,0.07843818237615013
echem_regime_raw,dqdv_peak_concentration,diffusion_proxy_abs_median_um2_per_s,54,-0.07843818237615013,0.5729016472186391,0.07843818237615013
echem_regime_raw,shape_charge_mAh_pos,threshold_robust_phase_score,54,-0.07686730247646283,0.5806342870073992,0.07686730247646283
echem_regime_raw,all_dq_abs_peak_frac,threshold_robust_phase_score,54,0.07572173910125474,0.5863030512796568,0.07572173910125474
echem_regime_raw,neg_dq_abs_lowV_frac,threshold_robust_phase_score,54,0.0740033940384426,0.5948525791881292,0.0740033940384426
echem_regime_raw,dqdv_entropy_asymmetry,phase_slope_positive_fraction,54,0.07285432295078245,0.6006003683893453,0.07285432295078245
echem_regime_raw,all_dq_abs_peak_voltage,low_rank_dmd_particle_to_nonparticle_mse_ratio_mean,54,-0.07057353504358681,0.6120806616085076,0.07057353504358681
echem_regime_raw,neg_dq_abs_peak_frac,phase_slope_positive_fraction,54,0.07031909925835596,0.6133671807740638,0.07031909925835596
echem_regime_raw,shape_I_abs_mean_mA,transferred_masked_residual_signature,54,0.06814662756363819,0.6243987735316303,0.06814662756363819
echem_regime_raw,lowV_charge_discharge_imbalance,threshold_robust_phase_score,54,-0.06621356308702758,0.6342839770048015,0.06621356308702758
echem_regime_raw,all_dq_abs_entropy,threshold_robust_phase_score,54,0.06438066168669465,0.6437158716337099,0.06438066168669465
echem_regime_raw,neg_dq_abs_lowV_frac,low_rank_dmd_particle_to_nonparticle_mse_ratio_mean,54,-0.0640101371507561,0.6456293986833679,0.0640101371507561
echem_regime_raw,pos_dq_abs_peak_frac,roi_norm_mean_delta_last_minus_first,54,-0.06332308737811829,0.6491836054330125,0.06332308737811829
echem_regime_raw,dqdv_peak_concentration,roi_norm_mean_delta_last_minus_first,54,-0.06332308737811829,0.6491836054330125,0.06332308737811829
echem_regime_raw,echem_regime_pc1,velocity_particle_mse_fraction_of_full_mean,72,0.06256035849333548,0.6016260691169172,0.06256035849333548
echem_regime_raw,shape_charge_mAh_abs,transferred_masked_residual_signature,54,0.0608875128998968,0.6618453158899521,0.0608875128998968
echem_regime_raw,all_dq_abs_lowV_frac,roi_norm_mean_delta_last_minus_first,54,0.06057488828756703,0.6634774580861101,0.06057488828756703
echem_regime_raw,echem_regime_pc2,roi_norm_mean_delta_last_minus_first,72,0.05985713312633951,0.6174527060606189,0.05985713312633951
echem_regime_raw,echem_regime_pc4,object_mean_residual,72,-0.05908478302148351,0.6220071441188982,0.05908478302148351
echem_regime_raw,pos_dq_abs_highV_frac,roi_norm_mean_delta_last_minus_first,54,0.05782668919701579,0.6778912219430863,0.05782668919701579
echem_regime_raw,echem_regime_pc4,roi_norm_mean_delta_last_minus_first,72,0.057346995285557534,0.6323063463224734,0.057346995285557534
echem_regime_raw,shape_V_mean,low_rank_dmd_particle_to_nonparticle_mse_ratio_mean,54,0.057139639424377976,0.6815128696999214,0.057139639424377976
echem_regime_raw,pos_dq_abs_entropy,radius2_slope_median_px2_per_s,54,0.054162423742947455,0.6972882387276226,0.054162423742947455
echem_regime_raw,shape_I_pos_fraction,roi_norm_mean_delta_last_minus_first,54,0.05301734078855111,0.7033901231955918,0.05301734078855111
echem_regime_raw,shape_I_neg_fraction,roi_norm_mean_delta_last_minus_first,54,-0.05301734078855111,0.7033901231955918,0.05301734078855111
echem_regime_raw,neg_dq_abs_highV_frac,radius2_slope_median_px2_per_s,54,0.05187225783415476,0.7095106101237857,0.05187225783415476
echem_regime_raw,neg_dq_abs_lowV_frac,low_rank_dmd_particle_mse_fraction_of_full_mean,54,0.05118520806151695,0.7131916863762189,0.05118520806151695
echem_regime_raw,echem_regime_pc1,diffusion_proxy_abs_median_um2_per_s,72,-0.04981658176321159,0.6777262194476702,0.04981658176321159
echem_regime_raw,shape_dVdt_abs_p95,phase_slope_positive_fraction,54,0.049236712763440896,0.7236664141400045,0.049236712763440896
echem_regime_raw,echem_regime_pc2,phase_slope_positive_fraction,72,0.04758766064287661,0.6914023286278685,0.04758766064287661
echem_regime_raw,neg_dq_abs_midV_frac,phase_slope_positive_fraction,54,0.04563402646367692,0.743165400149252,0.04563402646367692
echem_regime_raw,all_dq_abs_peak_voltage,radius2_slope_median_px2_per_s,54,0.04536870109944866,0.7446079489569283,0.04536870109944866
echem_regime_raw,echem_regime_pc1,low_rank_dmd_particle_to_nonparticle_mse_ratio_mean,72,0.04518248113407563,0.7062710989178222,0.04518248113407563
echem_regime_raw,echem_regime_pc4,persistence_particle_mse_fraction_of_full_mean,72,-0.04498939360786163,0.7074696215050978,0.04498939360786163
echem_regime_raw,echem_regime_pc2,velocity_particle_mse_fraction_of_full_mean,72,0.04431358726611264,0.7116700215039813,0.04431358726611264
echem_regime_raw,shape_dVdt_sign_consistency,phase_slope_positive_fraction,54,0.04349910124900198,0.7547971949612043,0.04349910124900198
echem_regime_raw,shape_V_range,threshold_robust_phase_score,54,0.04146939418253285,0.7659060571594594,0.04146939418253285
echem_regime_raw,pos_dq_abs_midV_frac,roi_norm_mean_delta_last_minus_first,54,-0.041108478062829044,0.7678863750491597,0.041108478062829044
echem_regime_raw,pos_dq_abs_lowV_frac,low_rank_dmd_particle_mse_fraction_of_full_mean,54,-0.04065044488107051,0.7704016845376136,0.04065044488107051
echem_regime_raw,shape_V_std,roi_norm_mean_delta_last_minus_first,54,0.03950536192667415,0.7767001714143137,0.03950536192667415
echem_regime_raw,neg_dq_abs_peak_frac,threshold_robust_phase_score,54,0.03940738010715829,0.7772397856905015,0.03940738010715829
echem_regime_raw,dqdv_entropy_asymmetry,threshold_robust_phase_score,54,0.03940738010715829,0.7772397856905015,0.03940738010715829
echem_regime_raw,shape_dVdt_abs_p95,roi_norm_mean_delta_last_minus_first,54,0.039047328744915615,0.7792235873090435,0.039047328744915615
echem_regime_raw,shape_dVdt_abs_p95,threshold_robust_phase_score,54,0.03826181673195019,0.7835564136032266,0.03826181673195019
echem_regime_raw,neg_dq_abs_lowV_frac,object_mean_residual,54,-0.03767322919963999,0.7868073025866211,0.03767322919963999
echem_regime_raw,voltage_peak_hysteresis_proxy,transferred_masked_residual_signature,54,0.03755189405623659,0.7874779120314865,0.03755189405623659
echem_regime_raw,dqdv_integral_asymmetry,diffusion_proxy_abs_median_um2_per_s,54,-0.036528146245243635,0.7931421289806625,0.036528146245243635
echem_regime_raw,echem_regime_pc2,persistence_particle_mse_fraction_of_full_mean,72,-0.036107367402017705,0.7633250825927806,0.036107367402017705
echem_regime_raw,echem_regime_pc3,threshold_robust_phase_score,72,0.03423329643877763,0.7752771761237871,0.03423329643877763
echem_regime_raw,lowV_charge_discharge_imbalance,object_mean_residual,54,0.031947814427658226,0.8186103156028757,0.031947814427658226
echem_regime_raw,neg_dq_abs_peak_frac,transferred_masked_residual_signature,54,-0.029927760577915373,0.8299034959618395,0.029927760577915373
echem_regime_raw,lowV_charge_discharge_imbalance,low_rank_dmd_particle_mse_fraction_of_full_mean,54,-0.028283548973589902,0.8391208798149139,0.028283548973589902
echem_regime_raw,shape_V_range,transferred_masked_residual_signature,54,-0.027863777089783277,0.8414775928716397,0.027863777089783277
echem_regime_raw,echem_regime_pc1,roi_norm_mean_delta_last_minus_first,72,-0.02703225366995978,0.8216657610961,0.02703225366995978
echem_regime_raw,voltage_peak_hysteresis_proxy,threshold_robust_phase_score,54,-0.026665828931009206,0.8482107173893553,0.026665828931009206
echem_regime_raw,charge_discharge_capacity_gap_mAh,low_rank_dmd_particle_to_nonparticle_mse_ratio_mean,54,0.025306333292159384,0.8558648487314555,0.025306333292159384
echem_regime_raw,charge_discharge_capacity_abs_gap_mAh,low_rank_dmd_particle_to_nonparticle_mse_ratio_mean,54,0.025306333292159384,0.8558648487314555,0.025306333292159384
echem_regime_raw,signed_charge_fraction,low_rank_dmd_particle_to_nonparticle_mse_ratio_mean,54,0.02484830011040084,0.8584466370286479,0.02484830011040084
echem_regime_raw,pos_dq_abs_entropy,diffusion_proxy_abs_median_um2_per_s,54,0.023245183974245954,0.8674943036816902,0.023245183974245954
echem_regime_raw,shape_I_abs_mean_mA,object_mean_residual,54,0.02268435054972433,0.8706635795742832,0.02268435054972433
echem_regime_raw,coulombic_efficiency_pct,low_rank_dmd_particle_to_nonparticle_mse_ratio_mean,54,-0.022558134201608137,0.8713771094240198,0.022558134201608137
echem_regime_raw,coulombic_inefficiency_pct,low_rank_dmd_particle_to_nonparticle_mse_ratio_mean,54,0.022558134201608137,0.8713771094240198,0.022558134201608137
echem_regime_raw,echem_regime_pc4,velocity_particle_mse_fraction_of_full_mean,72,-0.02075690906800483,0.8626008680784282,0.02075690906800483
echem_regime_raw,pos_dq_abs_midV_frac,phase_slope_positive_fraction,54,0.019614625409826045,0.8880450878080588,0.019614625409826045
echem_regime_raw,neg_dq_abs_lowV_frac,roi_norm_mean_delta_last_minus_first,54,-0.019351901929298355,0.8895352396525749,0.019351901929298355
echem_regime_raw,shape_dVdt_sign_consistency,radius2_slope_median_px2_per_s,54,0.018206818974902002,0.8960344412831894,0.018206818974902002
echem_regime_raw,lowV_charge_discharge_imbalance,phase_slope_abs_median_per_s,54,-0.016832719429626376,0.9038423966939283,0.016832719429626376
echem_regime_raw,neg_dq_abs_lowV_frac,phase_slope_abs_median_per_s,54,0.014313536929954405,0.9181799283532104,0.014313536929954405
echem_regime_raw,neg_dq_abs_midV_frac,roi_norm_mean_delta_last_minus_first,54,-0.014084520339075132,0.9194846912748018,0.014084520339075132
echem_regime_raw,neg_dq_abs_lowV_frac,diffusion_proxy_abs_median_um2_per_s,54,-0.013855503748195863,0.9207896646865174,0.013855503748195863
echem_regime_raw,pos_dq_abs_lowV_frac,threshold_robust_phase_score,54,-0.013173978814893033,0.9246743154481767,0.013173978814893033
echem_regime_raw,all_dq_abs_peak_voltage,roi_norm_mean_delta_last_minus_first,54,-0.012602416972069075,0.9279335320458186,0.012602416972069075
echem_regime_raw,all_dq_abs_highV_frac,radius2_slope_median_px2_per_s,54,0.012481404202920241,0.9286237354570891,0.012481404202920241
echem_regime_raw,lowV_charge_discharge_imbalance,diffusion_proxy_abs_median_um2_per_s,54,-0.012023371021161699,0.9312366224080606,0.012023371021161699
echem_regime_raw,signed_charge_fraction,roi_norm_mean_delta_last_minus_first,54,-0.010191238294127535,0.9416950944864844,0.010191238294127535
echem_regime_raw,all_dq_abs_peak_voltage,phase_slope_positive_fraction,54,-0.008811114182673302,0.9495798852142597,0.008811114182673302
echem_regime_raw,echem_regime_pc4,threshold_robust_phase_score,72,0.008256549634740443,0.9451216254660314,0.008256549634740443
echem_regime_raw,all_dq_abs_midV_frac,roi_norm_mean_delta_last_minus_first,54,-0.008130088976214101,0.9534724658738098,0.008130088976214101
echem_regime_raw,pos_dq_abs_highV_frac,phase_slope_positive_fraction,54,0.008005969555031038,0.9541820221945756,0.008005969555031038
echem_regime_raw,charge_discharge_capacity_gap_mAh,roi_norm_mean_delta_last_minus_first,54,0.00744303920357629,0.9574005734586786,0.00744303920357629
echem_regime_raw,charge_discharge_capacity_abs_gap_mAh,roi_norm_mean_delta_last_minus_first,54,0.00744303920357629,0.9574005734586786,0.00744303920357629
echem_regime_raw,all_dq_abs_midV_frac,phase_slope_positive_fraction,54,-0.006805074121776384,0.9610489478640922,0.006805074121776384
echem_regime_raw,neg_dq_abs_entropy,threshold_robust_phase_score,54,-0.006415154901165301,0.9632792002180611,0.006415154901165301
echem_regime_raw,lowV_charge_discharge_imbalance,roi_norm_mean_delta_last_minus_first,54,0.004007790340387233,0.9770543284324605,0.004007790340387233
echem_regime_raw,echem_regime_pc2,low_rank_dmd_particle_to_nonparticle_mse_ratio_mean,72,0.0028963128932099763,0.9807361861604869,0.0028963128932099763
echem_regime_raw,coulombic_efficiency_pct,roi_norm_mean_delta_last_minus_first,54,0.00263369079511161,0.9849202691300545,0.00263369079511161
echem_regime_raw,coulombic_inefficiency_pct,roi_norm_mean_delta_last_minus_first,54,-0.00263369079511161,0.9849202691300545,0.00263369079511161
echem_regime_raw,midV_charge_discharge_imbalance,radius2_slope_median_px2_per_s,54,-0.0005725414771981761,0.9967216171019986,0.0005725414771981761
acquisition_context_raw,n_frames,phase_slope_abs_median_per_s,72,0.8388473781562932,3.6648735925050024e-20,0.8388473781562932
acquisition_context_raw,frames_percentile,phase_slope_abs_median_per_s,72,0.8388473781562932,3.6648735925050024e-20,0.8388473781562932
acquisition_context_raw,cycle_index_rank,persistence_particle_mse_fraction_of_full_mean,72,0.7605717657569397,9.15009535362996e-15,0.7605717657569397
acquisition_context_raw,cycle_index_rank,velocity_particle_mse_fraction_of_full_mean,72,0.7568065589957669,1.4727073701042613e-14,0.7568065589957669
acquisition_context_raw,echem_shape_missing,persistence_particle_mse_fraction_of_full_mean,72,0.657470823932651,3.526838921137252e-10,0.657470823932651
acquisition_context_raw,echem_ce_extreme_or_missing,persistence_particle_mse_fraction_of_full_mean,72,0.6226710835862903,5.221395198671873e-09,0.6226710835862903
acquisition_context_raw,echem_shape_missing,velocity_particle_mse_fraction_of_full_mean,72,0.6111700616838728,1.1847196152429007e-08,0.6111700616838728
acquisition_context_raw,echem_ce_extreme_or_missing,velocity_particle_mse_fraction_of_full_mean,72,0.5844433429174745,7.045095269339301e-08,0.5844433429174745
acquisition_context_raw,echem_ce_extreme_or_missing,radius2_slope_median_px2_per_s,72,0.5697403657371607,1.7576621868840317e-07,0.5697403657371607
acquisition_context_raw,echem_shape_missing,radius2_slope_median_px2_per_s,72,0.554065788243713,4.440949786325332e-07,0.554065788243713
acquisition_context_raw,echem_ce_extreme_or_missing,transferred_masked_residual_signature,72,0.4701230803014024,3.0899470604196234e-05,0.4701230803014024
acquisition_context_raw,n_frames,velocity_particle_mse_fraction_of_full_mean,72,0.4497033267352562,7.401730665054794e-05,0.4497033267352562
acquisition_context_raw,frames_percentile,velocity_particle_mse_fraction_of_full_mean,72,0.4497033267352562,7.401730665054794e-05,0.4497033267352562
acquisition_context_raw,stage_drift_xy_sampled,velocity_particle_mse_fraction_of_full_mean,72,-0.43425603772549815,0.00013828042562464082,0.43425603772549815
acquisition_context_raw,stage_drift_xy_sampled,persistence_particle_mse_fraction_of_full_mean,72,-0.42798943424986524,0.000176690959863939,0.42798943424986524
acquisition_context_raw,n_frames,object_mean_residual,72,-0.391317231157193,0.0006764573215689402,0.391317231157193
acquisition_context_raw,frames_percentile,object_mean_residual,72,-0.391317231157193,0.0006764573215689402,0.391317231157193
acquisition_context_raw,cycle_index_rank,phase_slope_abs_median_per_s,72,0.3912918718726678,0.000677050290496732,0.3912918718726678
acquisition_context_raw,n_frames,persistence_particle_mse_fraction_of_full_mean,72,0.36910250496537406,0.0014198137169598674,0.36910250496537406
acquisition_context_raw,frames_percentile,persistence_particle_mse_fraction_of_full_mean,72,0.36910250496537406,0.0014198137169598674,0.36910250496537406
acquisition_context_raw,cycle_index_rank,transferred_masked_residual_signature,72,0.3565217391304348,0.0021125692959926175,0.3565217391304348
acquisition_context_raw,cycle_index_rank,diffusion_proxy_abs_median_um2_per_s,72,0.35634302962793407,0.002124286538202171,0.35634302962793407
acquisition_context_raw,n_frames,diffusion_proxy_abs_median_um2_per_s,72,0.350364866351405,0.002551437573318224,0.350364866351405
acquisition_context_raw,frames_percentile,diffusion_proxy_abs_median_um2_per_s,72,0.350364866351405,0.002551437573318224,0.350364866351405
acquisition_context_raw,front_candidate_rank,persistence_particle_mse_fraction_of_full_mean,72,0.3425372715036332,0.003226255936931125,0.3425372715036332
acquisition_context_raw,echem_shape_missing,transferred_masked_residual_signature,72,0.33362306249131957,0.00418483089958105,0.33362306249131957
acquisition_context_raw,echem_shape_missing,diffusion_proxy_abs_median_um2_per_s,72,0.3318221294495774,0.004406670024324266,0.3318221294495774
acquisition_context_raw,cycle_index_rank,object_mean_residual,72,-0.33143473874632834,0.00445572958287007,0.33143473874632834
acquisition_context_raw,stage_drift_xy_sampled,roi_norm_mean_delta_last_minus_first,72,-0.30549691943710355,0.009065720212088811,0.30549691943710355
acquisition_context_raw,n_points,diffusion_proxy_abs_median_um2_per_s,54,0.3017293584834388,0.02660079653166367,0.3017293584834388
acquisition_context_raw,echem_shape_points,diffusion_proxy_abs_median_um2_per_s,54,0.3017293584834388,0.02660079653166367,0.3017293584834388
acquisition_context_raw,cycle_index_rank,radius2_slope_median_px2_per_s,72,0.3009269096045165,0.010211105939100924,0.3009269096045165
acquisition_context_raw,stage_drift_xy_sampled,phase_slope_abs_median_per_s,72,-0.29986676787696465,0.010494148121728818,0.29986676787696465
acquisition_context_raw,n_points,phase_slope_abs_median_per_s,54,0.29875214280200835,0.028207766739951165,0.29875214280200835
acquisition_context_raw,echem_shape_points,phase_slope_abs_median_per_s,54,0.29875214280200835,0.028207766739951165,0.29875214280200835
acquisition_context_raw,stage_drift_xy_sampled,object_mean_residual,72,0.2948730682323197,0.011921139898812837,0.2948730682323197
acquisition_context_raw,echem_ce_extreme_or_missing,diffusion_proxy_abs_median_um2_per_s,72,0.29332439474726074,0.012396586353403783,0.29332439474726074
acquisition_context_raw,echem_shape_missing,threshold_robust_phase_score,72,-0.2902237797376942,0.013398055024248724,0.2902237797376942
acquisition_context_raw,front_candidate_rank,radius2_slope_median_px2_per_s,72,0.28914857050546267,0.013761304926682566,0.28914857050546267
acquisition_context_raw,n_frames,low_rank_dmd_particle_mse_fraction_of_full_mean,72,0.2888397333766718,0.013867203060150638,0.2888397333766718
acquisition_context_raw,frames_percentile,low_rank_dmd_particle_mse_fraction_of_full_mean,72,0.2888397333766718,0.013867203060150638,0.2888397333766718
acquisition_context_raw,front_candidate_rank,velocity_particle_mse_fraction_of_full_mean,72,0.28026654429961867,0.01710131916163916,0.28026654429961867
acquisition_context_raw,n_points,radius2_slope_median_px2_per_s,54,-0.23073421531086497,0.09322928452945879,0.23073421531086497
acquisition_context_raw,echem_shape_points,radius2_slope_median_px2_per_s,54,-0.23073421531086497,0.09322928452945879,0.23073421531086497
acquisition_context_raw,stage_drift_xy_sampled,transferred_masked_residual_signature,72,0.22180338382202566,0.06113434119214154,0.22180338382202566
acquisition_context_raw,n_frames,transferred_masked_residual_signature,72,0.21966074283301806,0.06374256609285893,0.21966074283301806
acquisition_context_raw,frames_percentile,transferred_masked_residual_signature,72,0.21966074283301806,0.06374256609285893,0.21966074283301806
acquisition_context_raw,n_frames,phase_slope_positive_fraction,72,-0.21632287548083437,0.06798419748200332,0.21632287548083437
acquisition_context_raw,frames_percentile,phase_slope_positive_fraction,72,-0.21632287548083437,0.06798419748200332,0.21632287548083437
acquisition_context_raw,cycle_index_rank,low_rank_dmd_particle_mse_fraction_of_full_mean,72,0.2068932843382993,0.08120377971709955,0.2068932843382993
acquisition_context_raw,n_frames,threshold_robust_phase_score,72,0.20184211950448894,0.08908189392379098,0.20184211950448894
acquisition_context_raw,frames_percentile,threshold_robust_phase_score,72,0.20184211950448894,0.08908189392379098,0.20184211950448894
acquisition_context_raw,front_candidate_rank,transferred_masked_residual_signature,72,-0.19478260869565217,0.10108735891515785,0.19478260869565217
acquisition_context_raw,echem_ce_extreme_or_missing,object_mean_residual,72,-0.1639381955604991,0.16880741731382187,0.1639381955604991
acquisition_context_raw,echem_shape_missing,low_rank_dmd_particle_to_nonparticle_mse_ratio_mean,72,0.1620526678707238,0.17382821892247682,0.1620526678707238
acquisition_context_raw,n_points,roi_norm_mean_delta_last_minus_first,54,0.1572198896386192,0.25622020888006714,0.1572198896386192
acquisition_context_raw,echem_shape_points,roi_norm_mean_delta_last_minus_first,54,0.1572198896386192,0.25622020888006714,0.1572198896386192
acquisition_context_raw,n_frames,low_rank_dmd_particle_to_nonparticle_mse_ratio_mean,72,0.14589279962061952,0.2213935783934335,0.14589279962061952
acquisition_context_raw,frames_percentile,low_rank_dmd_particle_to_nonparticle_mse_ratio_mean,72,0.14589279962061952,0.2213935783934335,0.14589279962061952
acquisition_context_raw,n_points,threshold_robust_phase_score,54,-0.14479921062630255,0.2961741545376462,0.14479921062630255
acquisition_context_raw,echem_shape_points,threshold_robust_phase_score,54,-0.14479921062630255,0.2961741545376462,0.14479921062630255
acquisition_context_raw,object_candidate_rank,threshold_robust_phase_score,72,0.14409007850139952,0.2272164903914056,0.14409007850139952
acquisition_context_raw,n_points,transferred_masked_residual_signature,54,0.14344685242518057,0.3007560731945334,0.14344685242518057
acquisition_context_raw,echem_shape_points,transferred_masked_residual_signature,54,0.14344685242518057,0.3007560731945334,0.14344685242518057
acquisition_context_raw,cycle_index_rank,low_rank_dmd_particle_to_nonparticle_mse_ratio_mean,72,0.1429813131614658,0.23085048335522676,0.1429813131614658
acquisition_context_raw,object_candidate_rank,low_rank_dmd_particle_to_nonparticle_mse_ratio_mean,72,-0.1366877588589068,0.2522428792468354,0.1366877588589068
acquisition_context_raw,echem_ce_extreme_or_missing,threshold_robust_phase_score,72,-0.13456578080960394,0.25975108069004316,0.13456578080960394
acquisition_context_raw,echem_shape_missing,object_mean_residual,72,-0.131185493038205,0.27202145171938175,0.131185493038205
acquisition_context_raw,front_candidate_rank,diffusion_proxy_abs_median_um2_per_s,72,-0.13110643029930494,0.2723130171518324,0.13110643029930494
acquisition_context_raw,n_points,phase_slope_positive_fraction,54,0.12115700593280306,0.38282268578007683,0.12115700593280306
acquisition_context_raw,echem_shape_points,phase_slope_positive_fraction,54,0.12115700593280306,0.38282268578007683,0.12115700593280306
acquisition_context_raw,front_candidate_rank,phase_slope_abs_median_per_s,72,-0.11739721593811105,0.32604284109438103,0.11739721593811105
acquisition_context_raw,stage_drift_xy_sampled,radius2_slope_median_px2_per_s,72,0.10594476500991859,0.3757607980103376,0.10594476500991859
acquisition_context_raw,cycle_index_rank,roi_norm_mean_delta_last_minus_first,72,0.09837809460603218,0.41098970283913183,0.09837809460603218
acquisition_context_raw,echem_ce_extreme_or_missing,low_rank_dmd_particle_to_nonparticle_mse_ratio_mean,72,0.09483420281302415,0.4281276213115416,0.09483420281302415
acquisition_context_raw,front_candidate_rank,phase_slope_positive_fraction,72,0.09219770884507267,0.44113713514092573,0.09219770884507267
acquisition_context_raw,front_candidate_rank,low_rank_dmd_particle_to_nonparticle_mse_ratio_mean,72,-0.09075113732057925,0.4483681852040444,0.09075113732057925
acquisition_context_raw,object_candidate_rank,low_rank_dmd_particle_mse_fraction_of_full_mean,72,-0.0900338531405973,0.45197798616770846,0.0900338531405973
acquisition_context_raw,object_candidate_rank,phase_slope_positive_fraction,72,0.08996021423574313,0.45234948856260443,0.08996021423574313
acquisition_context_raw,front_candidate_rank,object_mean_residual,72,-0.0861170366914433,0.4719706818559386,0.0861170366914433
acquisition_context_raw,object_candidate_rank,object_mean_residual,72,-0.08021197825253212,0.5029917991258825,0.08021197825253212
acquisition_context_raw,stage_drift_xy_sampled,diffusion_proxy_abs_median_um2_per_s,72,-0.07965440511605248,0.5059743805387295,0.07965440511605248
acquisition_context_raw,object_candidate_rank,diffusion_proxy_abs_median_um2_per_s,72,0.0793934886785267,0.5073732005237757,0.0793934886785267
acquisition_context_raw,echem_shape_missing,roi_norm_mean_delta_last_minus_first,72,0.07562457833967111,0.5277984204528762,0.07562457833967111
acquisition_context_raw,n_points,low_rank_dmd_particle_to_nonparticle_mse_ratio_mean,54,-0.07110965146801349,0.6093736655317833,0.07110965146801349
acquisition_context_raw,echem_shape_points,low_rank_dmd_particle_to_nonparticle_mse_ratio_mean,54,-0.07110965146801349,0.6093736655317833,0.07110965146801349
acquisition_context_raw,echem_ce_extreme_or_missing,low_rank_dmd_particle_mse_fraction_of_full_mean,72,0.06836884388845928,0.5682408895322396,0.06836884388845928
acquisition_context_raw,stage_drift_xy_sampled,low_rank_dmd_particle_mse_fraction_of_full_mean,72,-0.06511392673899803,0.5868423890097536,0.06511392673899803
acquisition_context_raw,echem_shape_missing,phase_slope_positive_fraction,72,-0.062313284104250015,0.6030651661598434,0.062313284104250015
acquisition_context_raw,n_frames,roi_norm_mean_delta_last_minus_first,72,-0.06084903261237359,0.6116246796554536,0.06084903261237359
acquisition_context_raw,frames_percentile,roi_norm_mean_delta_last_minus_first,72,-0.06084903261237359,0.6116246796554536,0.06084903261237359
acquisition_context_raw,n_points,object_mean_residual,54,-0.05622357306086089,0.6863528262561512,0.05622357306086089
acquisition_context_raw,echem_shape_points,object_mean_residual,54,-0.05622357306086089,0.6863528262561512,0.05622357306086089
acquisition_context_raw,stage_drift_xy_sampled,phase_slope_positive_fraction,72,-0.05504500056333377,0.6460572906886705,0.05504500056333377
acquisition_context_raw,cycle_index_rank,threshold_robust_phase_score,72,-0.05402970199575763,0.6521603347358758,0.05402970199575763
acquisition_context_raw,n_points,velocity_particle_mse_fraction_of_full_mean,54,0.05370439056118892,0.6997267380169799,0.05370439056118892
acquisition_context_raw,echem_shape_points,velocity_particle_mse_fraction_of_full_mean,54,0.05370439056118892,0.6997267380169799,0.05370439056118892
acquisition_context_raw,object_candidate_rank,velocity_particle_mse_fraction_of_full_mean,72,0.05156484316234208,0.667071291710151,0.05156484316234208
acquisition_context_raw,object_candidate_rank,persistence_particle_mse_fraction_of_full_mean,72,0.044198436996293215,0.7123865839389988,0.044198436996293215
acquisition_context_raw,n_frames,radius2_slope_median_px2_per_s,72,0.044091402202458004,0.7130528678895266,0.044091402202458004
acquisition_context_raw,frames_percentile,radius2_slope_median_px2_per_s,72,0.044091402202458004,0.7130528678895266,0.044091402202458004
acquisition_context_raw,echem_ce_extreme_or_missing,phase_slope_abs_median_per_s,72,0.04190348496389439,0.7267188049404139,0.04190348496389439
acquisition_context_raw,object_candidate_rank,phase_slope_abs_median_per_s,72,0.038469009978255204,0.7483420084611592,0.038469009978255204
acquisition_context_raw,stage_drift_xy_sampled,threshold_robust_phase_score,72,-0.03550328270152535,0.7671718242471198,0.03550328270152535
acquisition_context_raw,echem_shape_missing,low_rank_dmd_particle_mse_fraction_of_full_mean,72,0.03395389231577071,0.7770636521990845,0.03395389231577071
acquisition_context_raw,n_points,low_rank_dmd_particle_mse_fraction_of_full_mean,54,-0.03377994715469239,0.8083991506171297,0.03377994715469239
acquisition_context_raw,echem_shape_points,low_rank_dmd_particle_mse_fraction_of_full_mean,54,-0.03377994715469239,0.8083991506171297,0.03377994715469239
acquisition_context_raw,echem_shape_missing,phase_slope_abs_median_per_s,72,-0.030867174832518825,0.7968745902786949,0.030867174832518825
acquisition_context_raw,object_candidate_rank,radius2_slope_median_px2_per_s,72,0.026191666368173758,0.8271240828995344,0.026191666368173758
acquisition_context_raw,cycle_index_rank,phase_slope_positive_fraction,72,-0.02425400678954348,0.8397369590892494,0.02425400678954348
acquisition_context_raw,object_candidate_rank,roi_norm_mean_delta_last_minus_first,72,0.020462239350135747,0.8645328373856085,0.020462239350135747
acquisition_context_raw,echem_ce_extreme_or_missing,roi_norm_mean_delta_last_minus_first,72,0.01837872147539228,0.8782151647083559,0.01837872147539228
acquisition_context_raw,front_candidate_rank,low_rank_dmd_particle_mse_fraction_of_full_mean,72,-0.01602626467576187,0.8937062830099288,0.01602626467576187
acquisition_context_raw,n_points,persistence_particle_mse_fraction_of_full_mean,54,0.015458619884350754,0.9116593896625789,0.015458619884350754
acquisition_context_raw,echem_shape_points,persistence_particle_mse_fraction_of_full_mean,54,0.015458619884350754,0.9116593896625789,0.015458619884350754
acquisition_context_raw,echem_ce_extreme_or_missing,phase_slope_positive_fraction,72,0.01484085924912677,0.9015277043944309,0.01484085924912677
acquisition_context_raw,front_candidate_rank,threshold_robust_phase_score,72,0.011250152426283761,0.9252736336264976,0.011250152426283761
acquisition_context_raw,stage_drift_xy_sampled,low_rank_dmd_particle_to_nonparticle_mse_ratio_mean,72,0.008910326816915521,0.9407837269665859,0.008910326816915521
acquisition_context_raw,front_candidate_rank,roi_norm_mean_delta_last_minus_first,72,0.0070476947068109416,0.9531466400006561,0.0070476947068109416
acquisition_context_raw,object_candidate_rank,transferred_masked_residual_signature,72,0.0,1.0,0.0
